gold_usd_open,gold_usd_high,gold_usd_low,gold_usd_close,gold_usd_volume,usdinr_open,usdinr_high,usdinr_low,usdinr_close,day_of_week,day_of_month,month,quarter,day_of_year,week_of_year,is_month_start,is_month_end,days_to_diwali,is_near_diwali,gold_lag_1,gold_lag_2,gold_lag_3,gold_lag_5,gold_lag_7,gold_lag_14,gold_ma_3,gold_ma_7,gold_ma_14,gold_ma_30,gold_return_1d,gold_return_3d,gold_return_7d,gold_volatility_7,gold_volatility_14,gold_volatility_30,gold_usd_return_1d,usdinr_return_1d,gold_usd_return_3d,usdinr_return_3d,gold_usd_return_7d,usdinr_return_7d,gold_usd_volatility_7,usdinr_volatility_7,gold_usd_volatility_14,usdinr_volatility_14,gold_inr_proxy
3485.699951171875,3559.199951171875,3485.699951171875,3549.39990234375,658.0,88.00140380859375,88.18800354003906,87.81549835205078,88.00140380859375,1.0,2.0,9.0,3.0,245.0,36.0,0.0,0.0,432.0,0.0,126905.0,126628.5,126583.25,126438.5,126190.75,125230.5,127059.33333333334,126291.64285714286,125244.10714285714,125778.0,0.2485664572422941,0.927258310818746,2.537349472667505,1.0335428597132783,1.1438796325544844,1.3619883727957376,0.3406859796114769,0.03046463655379525,0.4034088093635368,0.0785668347411561,2.028547110027712,0.26098709346527027,1.1640669310187617,0.2702492200832476,1.3288659829409537,0.34879579568678176,312352.1740843356
3554.800048828125,3593.699951171875,3553.199951171875,3593.199951171875,72.0,87.99829864501953,88.17980194091797,87.9749984741211,87.99829864501953,2.0,3.0,9.0,3.0,246.0,36.0,0.0,0.0,431.0,0.0,104543.0,126628.5,126583.25,126438.5,126190.75,125230.5,127059.33333333334,126291.64285714286,125244.10714285714,125778.0,0.2485664572422941,0.927258310818746,2.537349472667505,1.0335428597132783,1.1438796325544844,1.3619883727957376,1.2340127918300414,-0.0035285386821515,0.4034088093635368,0.0785668347411561,2.028547110027712,0.26098709346527027,1.1640669310187617,0.2702492200832476,1.3288659829409537,0.34879579568678176,316195.48239449225
3549.89990234375,3573.60009765625,3549.89990234375,3565.800048828125,237.0,88.072998046875,88.36029815673828,87.9749984741211,88.072998046875,3.0,4.0,9.0,3.0,247.0,36.0,0.0,0.0,430.0,0.0,105829.5,104543.0,126583.25,126438.5,126190.75,125230.5,127059.33333333334,126291.64285714286,125244.10714285714,125778.0,1.2305941096008244,0.927258310818746,2.537349472667505,1.0335428597132783,1.1438796325544844,1.3619883727957376,-0.7625487786955487,0.0848873251025006,0.4034088093635368,0.0785668347411561,2.028547110027712,0.26098709346527027,1.1640669310187617,0.2702492200832476,1.3288659829409537,0.34879579568678176,314050.70073598623
3567.800048828125,3613.199951171875,3567.800048828125,3613.199951171875,925.0,88.19290161132812,88.35340118408203,87.80010223388672,88.19290161132812,4.0,5.0,9.0,3.0,248.0,36.0,0.0,0.0,429.0,0.0,105848.0,105829.5,104543.0,126438.5,126190.75,125230.5,105406.83333333331,126291.64285714286,125244.10714285714,125778.0,0.017480948128834,0.927258310818746,2.537349472667505,1.0335428597132783,1.1438796325544844,1.3619883727957376,1.329292211977151,0.1361411182906557,1.797488324321983,0.2176076681127625,2.028547110027712,0.26098709346527027,1.1640669310187617,0.2702492200832476,1.3288659829409537,0.34879579568678176,318658.5877957568
3594.5,3641.0,3590.0,3638.10009765625,97.0,88.1863021850586,88.2229995727539,87.82779693603516,88.1863021850586,0.0,8.0,9.0,3.0,251.0,37.0,0.0,0.0,426.0,0.0,106392.0,105848.0,105829.5,126438.5,126190.75,125230.5,106023.16666666669,126291.64285714286,125244.10714285714,125778.0,0.5139445242234197,1.7686502204834476,2.537349472667505,1.0335428597132783,1.1438796325544844,1.3619883727957376,0.6891438841157616,-0.0074829449410951,1.2495866384984122,0.2136445169212297,2.028547110027712,0.26098709346527027,1.1640669310187617,0.2702492200832476,1.3288659829409537,0.34879579568678176,320830.59459140524
3647.10009765625,3670.39990234375,3627.800048828125,3643.300048828125,535.0,87.98049926757812,88.21929931640625,87.90010070800781,87.98049926757812,1.0,9.0,9.0,3.0,252.0,37.0,0.0,0.0,425.0,0.0,107674.5,106392.0,105848.0,104543.0,126190.75,125230.5,106638.16666666669,126291.64285714286,125244.10714285714,125778.0,1.2054477780284234,1.7433702323076172,2.537349472667505,1.0335428597132783,1.1438796325544844,1.3619883727957376,0.1429304041201229,-0.2333728848824989,2.173425288539943,-0.1050251284140935,2.028547110027712,0.26098709346527027,1.1640669310187617,0.2702492200832476,1.3288659829409537,0.34879579568678176,320539.3572774902
3625.0,3655.39990234375,3620.800048828125,3643.60009765625,136.0,88.21829986572266,88.24929809570312,87.97789764404297,88.21829986572266,2.0,10.0,9.0,3.0,253.0,37.0,0.0,0.0,424.0,0.0,109309.0,107674.5,106392.0,105829.5,126190.75,125230.5,107791.83333333331,126291.64285714286,125244.10714285714,125778.0,1.518001012310255,3.269783085178757,2.537349472667505,1.0335428597132783,1.1438796325544844,1.3619883727957376,0.0082356331925437,0.270287848016526,0.8413635252739082,0.0287985245189803,2.028547110027712,0.26098709346527027,1.1640669310187617,0.2702492200832476,1.3288659829409537,0.34879579568678176,321432.2060058154
3632.89990234375,3636.89990234375,3618.39990234375,3636.89990234375,307.0,88.05339813232422,88.49099731445312,88.02660369873047,88.05339813232422,3.0,11.0,9.0,3.0,254.0,37.0,0.0,0.0,423.0,0.0,109522.0,109309.0,107674.5,105848.0,104543.0,125230.5,108835.16666666669,107016.85714285714,125244.10714285714,125778.0,0.1948604415006993,2.941950522595693,2.537349472667505,1.0335428597132783,1.1438796325544844,1.3619883727957376,-0.1838894261971813,-0.1869246331537066,-0.0329896176653576,-0.1507082726470154,2.465205454652253,0.0590835162624925,0.7678960946560972,0.1768961743872751,1.3288659829409537,0.34879579568678176,320241.3950684853
3655.5,3656.800048828125,3643.0,3649.39990234375,1300.0,88.2676010131836,88.40850067138672,88.21690368652344,88.2676010131836,4.0,12.0,9.0,3.0,255.0,37.0,0.0,0.0,422.0,0.0,109160.0,109522.0,109309.0,106392.0,105829.5,125230.5,109330.33333333331,107676.42857142857,125244.10714285714,125778.0,-0.3305272000146075,1.379620987327557,4.416364558124397,0.7048036292764401,1.1438796325544844,1.3619883727957376,0.343699313581447,0.2432647523011866,0.1674266031859606,0.326324296856173,1.5640641193247928,0.3060313350493393,0.663969912215651,0.1974785145584579,1.3288659829409537,0.34879579568678176,322123.7745176293
3640.0,3686.39990234375,3635.10009765625,3682.199951171875,210.0,88.27729797363281,88.2970962524414,88.1260986328125,88.27729797363281,0.0,15.0,9.0,3.0,258.0,38.0,0.0,0.0,419.0,0.0,109774.0,109160.0,109522.0,107674.5,105848.0,125230.5,109485.33333333331,108239.92857142857,125244.10714285714,125778.0,0.5624770978380322,0.4253995553888501,3.727221615901044,0.6518019980700046,1.1438796325544844,1.3619883727957376,0.8987792433232666,0.0109858660911843,1.0593877615837854,0.0668774029877639,3.264341823709493,0.2319665860007091,0.5374999415694858,0.1968921925456078,1.3288659829409537,0.34879579568678176,325054.6622880958
3681.39990234375,3698.60009765625,3681.39990234375,3688.89990234375,373.0,88.12349700927734,88.15509796142578,87.97969818115234,88.12349700927734,1.0,16.0,9.0,3.0,259.0,38.0,0.0,0.0,418.0,0.0,109557.0,109774.0,109160.0,109309.0,106392.0,125230.5,109497.0,108769.78571428572,125244.10714285714,125778.0,-0.1976788674913909,0.031957049725162,3.504081324162956,0.6840518698771091,1.1438796325544844,1.3619883727957376,0.1819551154396803,-0.1742248209742558,1.4297891444988498,0.079609507912215,2.095094436922129,-0.0786963585308164,0.380724678278857,0.2046585177072192,1.3288659829409537,0.34879579568678176,325078.75951171294
3669.0,3685.199951171875,3661.60009765625,3681.800048828125,183.0,87.88459777832031,87.91310119628906,87.7157974243164,87.88459777832031,2.0,17.0,9.0,3.0,260.0,38.0,0.0,0.0,417.0,0.0,110704.5,109557.0,109774.0,109522.0,107674.5,125230.5,110011.83333333331,109385.85714285714,125244.10714285714,125778.0,1.0473999835701964,1.4148955661414495,4.053406271148208,0.7154791724074457,1.1438796325544844,1.3619883727957376,-0.1924653339363868,-0.2710959495080822,0.8878212131141483,-0.4339114584139159,1.201175063875448,-0.3421216212299627,0.375264499969008,0.2269308354321704,1.3288659829409537,0.34879579568678176,323573.51639145985
3654.60009765625,3667.39990234375,3637.0,3643.699951171875,80.0,87.91069793701172,88.28880310058594,87.80690002441406,87.91069793701172,3.0,18.0,9.0,3.0,261.0,38.0,0.0,0.0,416.0,0.0,109852.0,110704.5,109557.0,109160.0,109309.0,125230.5,110037.83333333331,109696.92857142857,125244.10714285714,125778.0,-0.770068064080498,0.0710550767941464,2.022298687247215,0.8074198755374139,1.1438796325544844,1.3619883727957376,-1.0348225637178965,0.029698217152041,-1.0455705966686324,-0.4152823489574797,0.0109763768668669,-0.0793372749046561,0.5917148544442381,0.2125851661550751,1.3288659829409537,0.34879579568678176,320320.20578057505
3659.0,3685.89990234375,3658.199951171875,3671.5,211.0,88.20690155029297,88.32949829101562,88.0625991821289,88.20690155029297,4.0,19.0,9.0,3.0,262.0,38.0,0.0,0.0,415.0,0.0,109715.5,109852.0,110704.5,109774.0,109522.0,125230.5,110090.66666666669,109755.0,125244.10714285714,125778.0,-0.1242580927065528,0.1446735489288642,0.371881546807673,0.6037796460279828,1.1438796325544844,1.3619883727957376,0.7629620770278844,0.3369369374060404,-0.4716826914358596,0.0946450649897068,0.7657235041160781,-0.012920579343556,0.6578746749806509,0.2282091872825155,1.3288659829409537,0.34879579568678176,323851.63904190063
3688.199951171875,3748.199951171875,3688.0,3740.699951171875,410.0,88.09919738769531,88.33670043945312,88.09919738769531,88.09919738769531,0.0,22.0,9.0,3.0,265.0,39.0,0.0,0.0,412.0,0.0,109824.0,109715.5,109852.0,109557.0,109160.0,104543.0,109797.16666666669,109798.14285714286,108407.5,125778.0,0.098892134657369,-0.7953606221969278,0.2757436862000251,0.6011478479403692,1.1438796325544844,1.3619883727957376,1.884786903768898,-0.122104008535262,1.5997583128529058,0.2441834118832808,2.85408044255584,0.0520130470175184,0.9169942492209482,0.2206261192610642,0.8130661204724282,0.1921161321615958,329552.66336643323
3747.0,3786.0,3740.0,3780.60009765625,627.0,88.30439758300781,88.80809783935547,88.23500061035156,88.30439758300781,1.0,23.0,9.0,3.0,266.0,39.0,0.0,0.0,411.0,0.0,111661.0,109824.0,109715.5,110704.5,109774.0,105829.5,110400.16666666669,110155.42857142857,108915.92857142857,125778.0,1.6726762820512775,1.6467610967483504,2.291132282887509,0.8286317581787538,0.7546518836970257,1.3619883727957376,1.0666492101799152,0.2329194832609848,3.7571739802654713,0.4478404281105685,3.5951169732930444,0.0416875154664264,0.9489102142120528,0.2188118610729319,0.8006590838489612,0.201193510547186,333843.61412579566
3769.800048828125,3772.5,3732.10009765625,3732.10009765625,588.0,88.80799865722656,88.9312973022461,88.67250061035156,88.80799865722656,2.0,24.0,9.0,3.0,267.0,39.0,0.0,0.0,410.0,0.0,113906.0,111661.0,109824.0,109852.0,109557.0,105848.0,111797.0,110745.71428571428,109492.82142857143,125778.0,2.010549789093785,3.8194238735639097,3.764097145043444,1.0487240275874468,0.8388742554971963,1.3619883727957376,-1.2828651205417652,0.5703012398055929,1.6505542055358813,0.6814626705721638,1.3551721021693552,0.6011745893630183,1.1390432568605624,0.3057269994539431,0.8664830135458441,0.2485600145442663,331440.3404612914
3742.800048828125,3756.0,3724.699951171875,3736.89990234375,1899.0,88.77860260009766,88.80039978027344,88.59010314941406,88.77860260009766,3.0,25.0,9.0,3.0,268.0,39.0,0.0,0.0,409.0,0.0,113814.0,113906.0,111661.0,109715.5,110704.5,106392.0,113127.0,111353.85714285714,110061.82142857143,125778.0,-0.0807683528523561,3.633085664335667,3.885648566499622,1.035984423894683,0.843887144423312,1.3619883727957376,0.1286086804186847,-0.0331006863946603,-0.1015865714365737,0.7711820681095549,1.3012009344439912,0.7433949094772574,1.139347142504197,0.289948120907136,0.817987387326124,0.2486700783260248,331756.7513865195
3775.300048828125,3775.300048828125,3775.300048828125,3775.300048828125,19308.0,88.77310180664062,88.77909851074219,88.61430358886719,88.77310180664062,4.0,26.0,9.0,3.0,269.0,39.0,0.0,0.0,408.0,0.0,113290.5,113814.0,113906.0,109824.0,109852.0,107674.5,113670.16666666669,111723.28571428572,110554.57142857143,125778.0,-0.4599609889820222,1.4593277867832155,2.3359484031814315,1.071565129981401,0.8838780912668451,1.3619883727957376,1.0275936601965352,-0.0061960802444804,-0.1401906758509263,0.5307824258607541,2.539518679993491,1.010989468895862,1.1640669310187617,0.2465305289930341,0.8369421679153629,0.2486483968812193,335145.09558523446
3754.800048828125,3827.60009765625,3754.800048828125,3820.89990234375,8860.0,88.67680358886719,88.79399871826172,88.5875015258789,88.67680358886719,0.0,29.0,9.0,3.0,272.0,40.0,0.0,0.0,405.0,0.0,113280.5,113290.5,113814.0,111661.0,109715.5,109309.0,113461.66666666669,112213.07142857143,110955.0,125778.0,-0.0088268654476753,-0.5491370077081115,3.1210173688235088,0.97496322982517,0.8637480334422123,1.3619883727957376,1.2078471360118748,-0.1084767973785427,2.3793521707326626,-0.1477288874234705,4.863187242266887,0.8714589575939735,1.0135767318308655,0.2622447763779342,0.8723434983222403,0.2398751141915495,338825.19017285854
3827.5,3865.5,3793.39990234375,3840.800048828125,1611.0,88.70449829101562,88.87529754638672,88.64579772949219,88.70449829101562,1.0,30.0,9.0,3.0,273.0,40.0,0.0,1.0,404.0,0.0,115373.0,113280.5,113290.5,113906.0,109824.0,109522.0,113981.33333333331,113021.28571428572,111388.14285714286,125778.0,1.847184643429367,1.369778761839502,5.156518449991121,1.0641061869362538,0.9011717923182654,1.3619883727957376,0.5208235492420998,0.0312310559555495,2.780383451513102,-0.0834709118095022,4.611195664663614,0.5641244981708704,1.0146072314566783,0.2458814612421166,0.8679092429984439,0.23186793300468,340696.24136740714
3863.5,3891.89990234375,3853.300048828125,3867.5,1778.0,88.8406982421875,88.8541030883789,88.6323013305664,88.8406982421875,2.0,1.0,10.0,4.0,274.0,40.0,1.0,0.0,403.0,0.0,116669.0,115373.0,113280.5,113814.0,111661.0,109160.0,115107.5,113999.14285714286,111898.64285714286,125778.0,1.123313080183408,2.982156491497512,6.232699592074598,1.0335428597132783,0.919668600620436,1.3619883727957376,0.6951663932628138,0.1535434547242919,2.4421886996900843,0.0761451770538768,3.389741237823718,0.8416658454095671,0.861482047510299,0.2295263295776376,0.8556335222456728,0.2240128881744551,343591.40045166016
3855.199951171875,3886.800048828125,3853.699951171875,3880.800048828125,392.0,88.72019958496094,88.7957992553711,88.6635971069336,88.72019958496094,4.0,3.0,10.0,4.0,276.0,40.0,0.0,0.0,401.0,0.0,116959.0,116669.0,115373.0,113290.5,113906.0,109774.0,116333.66666666669,114756.0,112455.71428571428,125778.0,0.2485664572422941,3.2472490852353264,4.744718388694347,0.9888708333040472,0.8942205296685284,1.3619883727957376,0.343892665239176,-0.1356345229278521,1.5676973491933754,0.0489372579270508,2.6503715966677666,0.4708734936584191,0.8219326911352243,0.2412850935273817,0.8556317893506967,0.2235553797715577,344305.3548813574
3931.300048828125,3960.0,3926.800048828125,3948.5,1267.0,88.73509979248047,88.87969970703125,88.69200134277344,88.73509979248047,0.0,6.0,10.0,4.0,279.0,41.0,0.0,0.0,398.0,0.0,116893.5,116959.0,116669.0,113280.5,113814.0,109557.0,116840.5,115182.78571428572,112964.25,125778.0,-0.0560025308013911,1.317899335199746,2.622776675504368,0.8145793950314987,0.9059806605144451,1.3619883727957376,1.744484392910639,0.0167946055004808,2.8041020048605647,0.0344982521229608,5.798341327437839,-0.0820859222686265,0.5563646918151429,0.0958942246264637,0.9178394280038008,0.2235092294826119,350370.5415306092
3959.39990234375,3981.5,3940.0,3976.60009765625,2903.0,88.72109985351562,88.77249908447266,88.68180084228516,88.72109985351562,1.0,7.0,10.0,4.0,280.0,41.0,0.0,0.0,397.0,0.0,119154.0,116893.5,116959.0,115373.0,113290.5,110704.5,117668.83333333331,115945.64285714286,113649.75,125778.0,1.9338115464076375,2.1299574008519784,4.691865675575935,0.968696037780184,0.965264737760551,1.3619883727957376,0.7116651299544197,-0.0157772279487877,2.820946287168713,-0.1346211714206013,6.414413058325752,-0.0647709525695594,0.4751007714992258,0.0954722250162921,0.9144588159519216,0.2158615048643947,352808.33434166014
3987.199951171875,4049.199951171875,3987.199951171875,4043.300048828125,2179.0,88.74259948730469,88.91950225830078,88.71910095214844,88.74259948730469,2.0,8.0,10.0,4.0,281.0,41.0,0.0,0.0,396.0,0.0,119954.0,119154.0,116893.5,116669.0,113280.5,109852.0,118667.16666666669,116897.57142857143,114310.42857142857,125778.0,0.6714000369270057,2.560726408399528,5.881781791059271,0.8357214352340857,0.9572329123853158,1.3619883727957376,1.677311007742199,0.0242328305493977,4.187280920310998,0.0252478042751747,7.098773515582924,-0.0343598665757727,0.5613911751518412,0.096321627283919,0.9352830968923712,0.1957168627112891,358812.9568401538
4011.199951171875,4046.199951171875,3940.0,3946.300048828125,3130.0,88.7771987915039,88.86080169677734,88.70439910888672,88.7771987915039,3.0,9.0,10.0,4.0,282.0,41.0,0.0,0.0,395.0,0.0,121948.5,119954.0,119154.0,116959.0,115373.0,109715.5,120352.16666666669,118135.85714285714,115174.46428571428,125778.0,1.662720709605359,4.324449178098022,7.6518023843468175,0.7963840979787299,0.9132939038146598,1.3619883727957376,-2.399030465921359,0.03898838257963,-0.0557161243985082,0.047443457123375,3.281953196613552,0.1132147287380647,1.3808711940463303,0.0853908786074727,1.1690181544956868,0.1955868822086271,350341.463925736
3957.0,4012.0,3945.5,3975.89990234375,1697.0,88.86540222167969,88.8656005859375,88.4928970336914,88.86540222167969,4.0,10.0,10.0,4.0,283.0,41.0,0.0,0.0,394.0,0.0,122599.5,121948.5,119954.0,116893.5,116669.0,109824.0,121500.66666666669,119168.21428571428,116094.75,125778.0,0.533831904451465,2.8916360340399905,6.263597202118354,0.7326061660479618,0.8810460252194136,1.3619883727957376,0.7500659643053353,0.0993536982203391,-0.0176078885305241,0.1626471813382712,3.517492496305441,0.1813932030100495,1.384972654789823,0.0910820860364318,1.1688661422754785,0.1803849762921565,353319.94401491433
4016.0,4111.0,4016.0,4108.60009765625,1697.0,88.7573013305664,88.80269622802734,88.56159973144531,88.7573013305664,0.0,13.0,10.0,4.0,286.0,42.0,0.0,0.0,391.0,0.0,121185.0,122599.5,121948.5,119154.0,116959.0,111661.0,121911.0,119813.35714285714,116906.25,125778.0,-1.1537567445217944,1.026226720242751,3.870779727262597,1.0431488182848756,1.011632814064917,1.3619883727957376,3.33761408918456,-0.1216456443235536,1.6150186243796272,0.0165668386396866,6.234003817873313,-0.0938724180147065,1.7563015745837212,0.0860716085162123,1.3451151304312488,0.1803507311927024,364668.2569144704
4131.7001953125,4160.10009765625,4085.800048828125,4138.7001953125,2424.0,88.66510009765625,88.81790161132812,88.60079956054688,88.66510009765625,1.0,14.0,10.0,4.0,287.0,42.0,0.0,0.0,390.0,0.0,123962.0,121185.0,122599.5,119954.0,116893.5,113906.0,122582.16666666669,120813.78571428572,117784.89285714286,125778.0,2.291537731567428,1.65110681968208,5.98756829316256,1.2165733571612292,1.0688222479433656,1.3619883727957376,0.7326120075161535,-0.1038801670712796,4.875456607550888,-0.1262696901610072,6.6455406936580586,-0.062104782859429,1.7425857550510504,0.0791098888730701,1.3406978820152622,0.1769830714466689,366958.2670915723
4145.0,4210.60009765625,4145.0,4176.89990234375,3287.0,88.78250122070312,88.78269958496094,87.95980072021484,88.78250122070312,2.0,15.0,10.0,4.0,288.0,42.0,0.0,0.0,389.0,0.0,125917.0,123962.0,121185.0,121948.5,119154.0,113814.0,123688.0,122102.85714285714,118642.82142857143,113475.71666666666,1.5770962069021175,2.705965358749429,7.719419813762096,1.1717607862552286,1.035395630536032,1.3619883727957376,0.9229880210824382,0.1324096210544745,5.055459265498929,-0.0932882751937147,5.7844726438837535,0.0534190284718238,1.706379395970048,0.0956876778482775,1.219329383688722,0.0925796316824331,370835.6206785888
4198.7998046875,4307.0,4196.60009765625,4280.2001953125,4705.0,87.80950164794922,88.00150299072266,87.53189849853516,87.80950164794922,3.0,16.0,10.0,4.0,289.0,42.0,0.0,0.0,388.0,0.0,126538.0,125917.0,123962.0,122599.5,119954.0,113290.5,125472.33333333331,123157.71428571428,119551.67857142857,114208.88333333332,0.493182016725302,4.417213351487392,6.1970223408362335,1.1209495101819535,1.012200507645177,0.9044404256146336,2.4731330743833717,-1.0959362029406503,4.176607447245573,-1.0678554534766849,7.63466504552941,-1.0274874940363832,1.814371008314268,0.4292733032420918,1.2775089113760467,0.307150802883313,375842.2461038456
4354.7001953125,4358.0,4182.2001953125,4189.89990234375,4060.0,87.9906997680664,88.09400177001953,87.689697265625,87.9906997680664,4.0,17.0,10.0,4.0,290.0,42.0,0.0,0.0,387.0,0.0,127359.0,126538.0,125917.0,121185.0,121948.5,113280.5,126604.66666666669,124215.57142857143,120556.57142857143,114926.53333333334,0.648816956171272,2.740355915522508,6.173199726561851,1.1216419294583695,0.9505156039159166,0.8976058615930752,-2.1097212477968474,0.2063536595887427,1.2370963011343328,-0.7606153140830574,3.625747576119509,-0.847281602727723,2.1389144525748423,0.4465277140570253,1.5208591659877708,0.3160920838988974,368672.22436537966
4244.10009765625,4356.60009765625,4214.60009765625,4336.39990234375,1750.0,88.0022964477539,88.01129913330078,87.49960327148438,88.0022964477539,0.0,20.0,10.0,4.0,293.0,43.0,0.0,0.0,384.0,0.0,130229.0,127359.0,126538.0,123962.0,122599.5,115373.0,128042.0,125398.5,121767.17857142857,115739.23333333334,2.253472467591622,3.424478029177957,6.790161420599672,1.2103987630314097,0.9860557188579676,0.9375338852743482,3.4965035779983777,0.0131794379611305,3.818621554959956,-0.8787821498852821,9.885205095630468,-0.8728618995626158,1.945476021861407,0.4450944038744669,1.6868973204344162,0.3164102576521861,381613.1497220658
4109.7001953125,4148.5,4006.0,4044.39990234375,1237.0,88.00160217285156,87.99810028076172,87.61039733886719,88.00160217285156,2.0,22.0,10.0,4.0,295.0,43.0,0.0,0.0,382.0,0.0,127181.5,130229.0,127359.0,125917.0,121185.0,116669.0,128256.5,126053.07142857143,122610.64285714286,116432.21666666666,-2.3401085779665043,0.5085428883023324,3.737372501519176,1.744386121275722,1.29707246414126,1.089327864850825,-6.7336963051350285,-0.0007889281647965,-5.509094953712424,0.2187696334646327,1.7228803964511208,-0.9720318900637293,3.6519879361878766,0.4382643137115893,2.65549961156196,0.3158615952857981,355913.6712339744
4078.39990234375,4136.7998046875,4070.699951171875,4125.5,354.0,87.74030303955078,88.03109741210938,87.71610260009766,87.74030303955078,3.0,23.0,10.0,4.0,296.0,43.0,0.0,0.0,381.0,0.0,123659.0,127181.5,130229.0,126538.0,123962.0,116959.0,127023.16666666669,126406.5,123109.92857142857,116965.03333333334,-2.769663826893065,-2.905173564490926,2.041506787143632,2.0802576799154675,1.5859209609926284,1.244202988326625,2.005244278866991,-0.2969254273206712,-1.5370272284482511,-0.2845718117660656,0.4113299406625303,-1.1458193024908805,3.498967715925176,0.4421234221760389,2.6894503848888074,0.3157803436359327,361972.6201896668
4117.5,4120.60009765625,4074.89990234375,4118.39990234375,123.0,87.77899932861328,87.8582992553711,87.63600158691406,87.77899932861328,4.0,24.0,10.0,4.0,297.0,43.0,0.0,0.0,380.0,0.0,123590.5,123659.0,127181.5,127359.0,125917.0,116893.5,124810.33333333331,126353.42857142857,123583.60714285714,117441.08333333331,-0.0553942697256171,-5.097558915448941,-0.2996886142527577,1.887435550782652,1.5906430516441914,1.2315985298255565,-0.1721027186098678,0.0441032088127846,-5.027211625066563,-0.2537401046950993,-0.4904992391510321,-0.9993794267045496,3.488936504481003,0.4489433617762348,2.6952342384828536,0.3173672242727248,361509.022262793
4060.0,4078.60009765625,3971.300048828125,4001.89990234375,220.0,87.8290023803711,88.31719970703125,87.70939636230469,87.8290023803711,0.0,27.0,10.0,4.0,300.0,44.0,0.0,0.0,377.0,0.0,121968.5,123590.5,123659.0,130229.0,126538.0,119154.0,123072.66666666669,125789.35714285714,123946.10714285714,117855.96666666666,-1.3123986066890247,-4.098866580438187,-3.135795801996555,1.7915492084998466,1.6529654149702464,1.271103834415818,-2.828768520844726,0.0569647092587777,-1.0508357488430151,-0.1961325569294181,-4.189710170018768,-1.0739715903720026,3.6066874691193447,0.4420965833511802,2.8025540591849345,0.3184473541996942,351482.87604895607
3929.699951171875,3966.199951171875,3923.60009765625,3966.199951171875,219.0,88.22209930419922,88.41649627685547,88.15979766845703,88.22209930419922,1.0,28.0,10.0,4.0,301.0,44.0,0.0,0.0,376.0,0.0,121739.5,121968.5,123590.5,127181.5,127359.0,119954.0,122432.83333333331,125103.85714285714,124130.78571428572,118275.28333333334,-0.1877533953438814,-1.552252565522927,-3.792141491093581,1.750430647205958,1.5893389521503671,1.2686661457887445,-0.8920750654199727,0.4475707490399383,-3.861351322945705,0.5491162532585081,-7.336111158644054,0.469878143602509,3.3513774443958213,0.2253929577680096,2.809854216221198,0.347576607323024,349906.48595259525
3983.699951171875,3983.699951171875,3983.699951171875,3983.699951171875,1344.0,88.22550201416016,88.45020294189453,88.13819885253906,88.22550201416016,2.0,29.0,10.0,4.0,302.0,44.0,0.0,0.0,375.0,0.0,118603.5,121739.5,121968.5,123659.0,130229.0,121948.5,120770.5,123853.07142857143,124034.32142857143,118569.6,-2.575992180023734,-4.035099785177665,-6.874661390243331,1.809513369319466,1.739644188923254,1.3771785741899225,0.4412283852413878,0.0038569814000855,-3.27068653763366,0.5086668667471761,-4.92135745430412,0.2668489359814785,3.353540921065026,0.2174112797778811,2.772901135756753,0.3473308089829701,351463.928065924
3960.0,4027.199951171875,3913.699951171875,4001.300048828125,935.0,88.34559631347656,88.7511978149414,88.29679870605469,88.34559631347656,3.0,30.0,10.0,4.0,303.0,44.0,0.0,0.0,374.0,0.0,119990.0,118603.5,121739.5,123590.5,127181.5,122599.5,120111.0,122390.35714285714,123894.42857142857,118917.36666666668,1.1690211503033288,-1.622140142741768,-7.86230409509403,1.5056208407750085,1.7065791825410903,1.3838524478604926,0.441802793181556,0.1361219789909773,-0.0149892183778477,0.5881814880102976,-7.727604950237854,0.3901033036410206,2.887509692022936,0.2199961020471373,2.6921000476585486,0.3500149840505395,353497.2388428636
4034.5,4034.5,3976.60009765625,3982.199951171875,559.0,88.6344985961914,88.9115982055664,88.5636978149414,88.6344985961914,4.0,31.0,10.0,4.0,304.0,44.0,0.0,1.0,373.0,0.0,119436.0,119990.0,118603.5,121968.5,123659.0,121185.0,119343.16666666669,121283.85714285714,123668.46428571428,119208.41666666669,-0.4617051420951701,-1.8921549702438425,-6.090115307650878,1.4240003278986015,1.6987701480119723,1.383662592584626,-0.4773472977074977,0.3270137899004322,0.4034088093635368,0.4674557681632496,-1.5379278180634337,0.7191873871758903,1.4805583189274412,0.2399184786648754,2.690451403103924,0.3617891572371066,352960.29598189704
3976.199951171875,4020.0,3959.0,4000.300048828125,0.0,88.77539825439453,88.91500091552734,88.68930053710938,88.77539825439453,0.0,3.0,11.0,4.0,307.0,45.0,0.0,0.0,370.0,0.0,120792.5,119436.0,119990.0,121739.5,123590.5,123962.0,120072.83333333331,120874.35714285714,123640.42857142857,119573.1,1.135754713821635,1.8456453645971704,-2.318068236036197,1.3240097934742794,1.7072860825752485,1.3783534267099775,0.4545250835765735,0.1589670618491911,0.4167005010346392,0.6232849093294135,-3.0347824790176947,1.1797260540314711,1.1788233069969996,0.1628725943261978,2.524291253932618,0.3633733581840199,355128.2299717907
3994.199951171875,3995.39990234375,3927.39990234375,3947.699951171875,657.0,88.72339630126953,88.77449798583984,88.30650329589844,88.72339630126953,1.0,4.0,11.0,4.0,308.0,45.0,0.0,0.0,369.0,0.0,120945.0,120792.5,119436.0,118603.5,121968.5,125917.0,120391.16666666669,120496.42857142857,123424.92857142857,119947.41666666669,0.126249560196201,0.7958996583048661,-2.140536691736017,1.3319744723047493,1.5758061759095547,1.3762878044871365,-1.3149038075696118,-0.0585769865835805,-1.3395670657577408,0.4276387319322783,-4.144812432486966,1.0758803129217398,1.2152019985450258,0.1796312503151866,2.527883544972854,0.3625580473543988,350253.34724632464
4004.0,4007.5,3979.89990234375,3979.89990234375,650.0,88.55690002441406,88.68170166015625,88.4114990234375,88.55690002441406,3.0,6.0,11.0,4.0,310.0,45.0,0.0,0.0,367.0,0.0,119676.0,120945.0,120792.5,119990.0,121739.5,126538.0,120471.16666666669,120168.92857142857,122979.14285714286,120275.81666666668,-1.0492372566042407,0.2009444388626491,-1.8795836629949547,1.302047180741374,1.507402335801411,1.3988444774193731,0.8156635907021315,-0.1876576909771499,-0.0577582456011027,-0.0875489487799474,-0.5497388874498244,0.8287668359143741,0.813849541224323,0.2205843732406653,2.5240274871239774,0.3640152192880762,352447.5977590308
3980.800048828125,3999.39990234375,3980.800048828125,3999.39990234375,245.0,88.6729965209961,88.72039794921875,88.6001968383789,88.6729965209961,4.0,7.0,11.0,4.0,311.0,45.0,0.0,0.0,366.0,0.0,120385.0,119676.0,120945.0,119436.0,118603.5,127359.0,120335.33333333331,119975.42857142857,122539.64285714286,120566.61666666668,0.5924329021691932,-0.3373553821636288,-1.1126216223986465,1.3423674525136378,1.5119088509210823,1.3759071760420245,0.4899620713705976,0.1310981939860456,-0.0225019741866283,-0.1153492244608034,0.8370720483233729,0.5110932752145692,0.7477997918886707,0.1679825454151081,2.408563742461088,0.1909968006376436,354638.77362659946
4060.0,4111.7998046875,4060.0,4111.7998046875,189.0,88.65799713134766,88.74230194091797,88.51419830322266,88.65799713134766,0.0,10.0,11.0,4.0,314.0,46.0,0.0,0.0,363.0,0.0,120165.5,120385.0,119676.0,120792.5,119990.0,130229.0,120075.5,120198.57142857143,122025.82142857143,120775.26666666666,-0.1823316858412638,-0.644507834139485,1.3169931747376795,0.8284533984682935,1.485989677490859,1.3374256773882751,2.810419190086022,-0.0169153972876978,4.156847165319944,-0.0737113012443835,3.215599946927284,0.4902155355467119,1.2702446797221063,0.1695828926221276,2.505696321469322,0.188042401067874,364543.9352886602
4140.10009765625,4140.10009765625,4106.7998046875,4106.7998046875,569.0,88.70709991455078,88.71649932861328,88.41960144042969,88.70709991455078,1.0,11.0,11.0,4.0,315.0,46.0,0.0,0.0,362.0,0.0,122264.0,120165.5,120385.0,120945.0,119436.0,127181.5,120938.16666666669,120523.42857142857,121456.89285714286,121056.93333333332,1.7463415040090524,2.162505431331252,1.8951579298274843,0.960388997709178,1.420981997415655,1.366098611461605,-0.1216012509728692,0.0553844941143744,3.1885199491831218,0.1696083423147198,2.6366369572877524,0.4091925530634199,1.2892977048648402,0.1670636589358771,2.2823472749918268,0.1876731028585892,364302.3006034717
4115.60009765625,4204.39990234375,4102.89990234375,4204.39990234375,396.0,88.46649932861328,88.65370178222656,88.46649932861328,88.46649932861328,2.0,12.0,11.0,4.0,316.0,46.0,0.0,0.0,361.0,0.0,124148.0,122264.0,120165.5,119676.0,120792.5,123659.0,122192.5,121196.57142857143,121240.21428571428,121418.85,1.5409278283059713,3.1258047098891018,3.9452091496701143,1.0025797873997906,1.400271801444405,1.3791217242551894,2.3765487069725038,-0.2712303594292531,5.125768990489421,-0.2328749455691614,5.579829086846488,-0.189541623452405,1.4179820456531436,0.1596476112407089,1.4860632482826996,0.2070177591234271,371948.5411379151
4228.7001953125,4228.7001953125,4163.7001953125,4186.89990234375,167.0,88.59390258789062,88.79910278320312,88.58209991455078,88.59400177001953,3.0,13.0,11.0,4.0,317.0,46.0,0.0,0.0,360.0,0.0,123637.5,124148.0,122264.0,120385.0,120945.0,123590.5,123349.83333333331,121603.0,121238.67857142857,121764.08333333331,-0.4112027579985189,2.8893484402761294,2.355278680381656,1.024411327584725,1.1884081827061987,1.3843239786754449,-0.4162306252134762,0.1441251121881093,1.8264531646369209,-0.0721822772888902,4.6646464324667125,-0.2043319297258317,1.4884750472022648,0.1568401731316067,1.4097463632641476,0.1844879751973497,370934.2173591368
4197.7001953125,4197.89990234375,4047.0,4087.60009765625,483.0,88.81620025634766,88.81620025634766,88.63249969482422,88.81610107421875,4.0,14.0,11.0,4.0,318.0,46.0,0.0,0.0,359.0,0.0,126339.0,123637.5,124148.0,120165.5,119676.0,121968.5,124708.16666666669,122373.57142857143,121435.0,122129.61666666668,2.185016681831975,3.3329516456193087,4.459878457149946,1.2287730570079052,1.322842732347009,1.398632746373472,-2.371678497303309,0.2506933875453088,-0.4675101768860434,0.1228776048061153,3.5438394055973266,0.1044874033388376,1.752647240376426,0.1876836350106711,1.5588619793678946,0.1904785966795544,363044.70342442393
4070.0,4099.5,4019.39990234375,4068.300048828125,1552.0,88.68199920654297,88.74349975585938,88.56430053710938,88.68199920654297,0.0,17.0,11.0,4.0,321.0,47.0,0.0,0.0,356.0,0.0,125111.0,126339.0,123637.5,122264.0,120385.0,121739.5,125029.16666666669,123150.0,121659.46428571428,122411.01666666666,-0.97198806385993,0.7756870831588047,4.541428523680602,1.2113842747091512,1.2964560154606095,1.4090299137920053,-0.4721608857772397,-0.1509882398054385,-3.237081549729748,0.2435948970120449,2.221165070817888,0.1412641839251494,1.7827754772880906,0.1814917489702834,1.347774020402498,0.2005969917035686,360784.9817021545
4037.39990234375,4063.39990234375,4035.60009765625,4061.300048828125,1375.0,88.63590240478516,88.69400024414062,88.53569793701172,88.63590240478516,1.0,18.0,11.0,4.0,322.0,47.0,0.0,0.0,355.0,0.0,122819.0,125111.0,126339.0,124148.0,120165.5,118603.5,124756.33333333331,123497.71428571428,121736.57142857143,122606.35,-1.8319732077914817,-0.6620159741178799,2.021846575570052,1.5322488556420952,1.4033449430899978,1.4590474949196788,-0.1720620385906923,-0.0519798856253195,-2.9998293831986933,0.0472951147126199,1.5477358602749458,-0.0418324830177119,1.7902890680649757,0.1759729904509636,1.319374883589459,0.1702602964626457,359976.9947644789
4086.10009765625,4122.7001953125,4072.0,4077.699951171875,486.0,88.55699920654297,88.6082992553711,88.40899658203125,88.55680084228516,2.0,19.0,11.0,4.0,323.0,47.0,0.0,0.0,354.0,0.0,121773.0,122819.0,125111.0,123637.5,122264.0,119990.0,123234.33333333331,123727.35714285714,121962.96428571428,122769.0,-0.8516597594834696,-3.614085911713727,1.337738369165864,1.5870084358492569,1.2162359849130389,1.4705475572695306,0.4038091780114161,-0.0892432528511455,-0.2421994874217681,-0.2919518294514089,-0.8293169690983149,-0.1141423135383679,1.4018461832974063,0.178831591550663,1.318837185736517,0.1733008957563555,361108.0624705237
4045.0,4090.39990234375,4040.199951171875,4056.5,202.0,88.48729705810547,88.73829650878906,88.4635009765625,88.48719787597656,3.0,20.0,11.0,4.0,324.0,47.0,0.0,0.0,353.0,0.0,123666.0,121773.0,122819.0,126339.0,124148.0,119436.0,122752.66666666669,123927.64285714286,122225.53571428572,122919.4,1.5545317927619484,-1.1549743827481196,1.146698946541913,1.5572519854013562,1.2440217826967217,1.4562156761224736,-0.5198997333235034,-0.0785969746496917,-0.2900486366909982,-0.21966276393105,-1.2247931985895133,-0.2478967735232484,1.410429740321152,0.1770570581267833,1.3288659829409537,0.1723915773181509,358948.3181838989
4031.800048828125,4085.199951171875,4031.800048828125,4076.699951171875,171.0,88.69229888916016,89.72579956054688,88.60279846191406,88.69219970703125,4.0,21.0,11.0,4.0,325.0,47.0,0.0,0.0,352.0,0.0,122721.0,123666.0,121773.0,125111.0,123637.5,120792.5,122720.0,123723.78571428572,122460.17857142857,123011.63333333332,-0.7641550628305294,-0.0797922145596374,-1.1494345458646138,1.4605891685098604,1.2593574709880249,1.4615324339014824,0.4979650233421617,0.2316740002797024,0.3791865205377664,0.06351523560848,-3.0372931723428254,0.255125250949062,0.9489311339665868,0.1671297235778355,1.321472203683154,0.1604413128757425,361571.4862149805
4060.5,4091.89990234375,4060.5,4091.89990234375,591.0,89.63400268554688,89.64129638671875,89.01580047607422,89.63400268554688,0.0,24.0,11.0,4.0,328.0,48.0,0.0,0.0,349.0,0.0,122647.5,122721.0,123666.0,122819.0,126339.0,120945.0,123011.5,123582.35714285714,122592.67857142857,123034.93333333332,-0.0598919500329975,0.7181394890493076,-0.8007279344859008,1.4563850293755916,1.2313452980684605,1.4309858121000154,0.3728493966671742,1.0618780249295856,0.3482343316553837,1.216396519540219,-2.2689818771836623,1.173895404597558,0.997273437717994,0.4256442892809164,1.320326552179793,0.3246430517987927,366773.3668356687
4139.2001953125,4139.2001953125,4139.2001953125,4139.2001953125,132704.0,89.14779663085938,89.26200103759766,88.96649932861328,89.14779663085938,1.0,25.0,11.0,4.0,329.0,48.0,0.0,0.0,348.0,0.0,123182.5,122647.5,122721.0,121773.0,125111.0,119676.0,122850.33333333331,123131.42857142857,122752.5,123054.36666666668,0.4362094620762757,-0.3909724580725471,-2.498436745581334,1.105713461104194,1.2343280419224667,1.42990874509018,1.155949414638835,-0.5424348351297015,2.038708130469624,0.7465472641688953,1.2623567967384286,0.3734633164806933,0.6027680104805614,0.4990778857593528,1.270794776100288,0.3628114221447738,369000.57722613215
4128.60009765625,4171.0,4127.5,4165.2001953125,25088.0,89.1532974243164,89.28790283203125,89.1532974243164,89.15059661865234,2.0,26.0,11.0,4.0,330.0,48.0,0.0,0.0,347.0,0.0,125230.5,123182.5,122647.5,123666.0,122819.0,120385.0,123686.83333333331,123148.5,123149.25,123189.21666666666,1.6625738233921217,2.0448822939839184,0.0955151825179134,1.2933767015840223,1.246393939088975,1.4422002778594112,0.6281406738781081,0.0031408379105091,2.170879515309565,0.5168401653530719,2.381833820548396,0.5284019488757785,0.5447495062683744,0.4918576244625225,1.266448931622853,0.3573589266432794,371330.08244823664
4197.7001953125,4215.7998046875,4163.7001953125,4187.2001953125,618.0,89.1624984741211,89.40630340576172,89.13800048828125,89.16300201416016,3.0,27.0,11.0,4.0,331.0,48.0,0.0,0.0,346.0,0.0,126042.5,125230.5,123182.5,122721.0,121773.0,120165.5,124818.5,123609.0,123553.35714285714,123258.56666666668,0.6484043423926389,2.768095558409267,2.6245939146223307,1.009879317701364,1.2473837249022168,1.3870161475045568,0.3406859796114769,0.0139151009396876,0.4034088093635368,-0.5254709789532463,2.028547110027712,0.5946795768692281,1.1640669310187617,0.489617710399272,1.3288659829409537,0.3566427802874826,371948.5411379151
4163.39990234375,4223.89990234375,4140.0,4218.2998046875,3615.0,89.36489868164062,89.61869812011719,89.05500030517578,89.36479949951172,4.0,28.0,11.0,4.0,332.0,48.0,0.0,0.0,345.0,0.0,125957.0,126042.5,125230.5,122647.5,123666.0,122264.0,125743.33333333331,124206.71428571428,123967.03571428572,123259.9,-0.0678342622528083,2.2523491567389757,3.435901226051752,0.8871818432316706,1.2440965306034812,1.3573684220247946,0.3406859796114769,0.2263242385216246,1.9109877667810693,0.2434192171354432,3.448018618319826,0.9124072341609946,1.1640669310187617,0.4853277066772856,1.3288659829409537,0.3595717838360612,376967.5162747279
4218.5,4262.10009765625,4214.89990234375,4239.2998046875,913.0,89.3572998046875,89.7970962524414,89.31659698486328,89.3499984741211,0.0,1.0,12.0,4.0,335.0,49.0,1.0,0.0,342.0,0.0,126628.5,125957.0,126042.5,123182.5,122721.0,124148.0,126209.33333333331,124629.92857142857,124278.78571428572,123262.91666666669,0.5331184451836668,1.1163414663360791,2.395565474746486,0.7567756571503168,1.1794730472400028,1.3578781341298702,0.4978309027884764,-0.0165624781496953,1.779016755506535,0.2236685597536869,4.506343022001724,0.975056978698574,1.1640669310187617,0.4814165600726575,1.3288659829409537,0.3601155029905886,378781.43108017
4230.5,4230.5,4167.0,4186.60009765625,366.0,89.61270141601562,89.99299621582031,89.5802993774414,89.61270141601562,1.0,2.0,12.0,4.0,336.0,49.0,0.0,0.0,341.0,0.0,128701.0,126628.5,125957.0,125230.5,122647.5,123637.5,127095.5,125484.21428571428,124604.0,123307.65,1.6366773672593429,2.1092091953111014,4.872841648943549,0.7152229377897074,1.1877375079650323,1.3855661641251558,-1.2431229084807538,0.2940156087082757,0.4034088093635368,0.5043565062827771,2.695811509325896,1.0378609528515217,1.1640669310187617,0.4839713634632749,1.3288659829409537,0.3526748469002725,375172.5444995314
4215.7001953125,4234.10009765625,4195.7001953125,4199.2998046875,1897.0,89.91719818115234,90.3040008544922,89.8427963256836,89.91719818115234,2.0,3.0,12.0,4.0,337.0,49.0,0.0,0.0,340.0,0.0,127867.0,128701.0,126628.5,126042.5,123182.5,126339.0,127732.16666666669,126229.85714285714,124906.10714285714,123228.91666666669,-0.6480136129478398,1.5163905142230982,4.255692125807697,0.8407285484152828,1.1997208406077622,1.3260252680069184,0.3033417745907929,0.3397919718133746,-0.4504184358562368,0.6181390040981949,2.624695249320097,0.3159465014621387,1.1640669310187617,0.2981543755640128,1.3288659829409537,0.3587007274178854,377589.27276016027
4211.0,4211.7998046875,4175.0,4211.7998046875,616.0,90.17060089111328,90.4521026611328,89.72579956054688,90.17050170898438,3.0,4.0,12.0,4.0,338.0,49.0,0.0,0.0,339.0,0.0,128382.0,127867.0,128701.0,125957.0,125230.5,125111.0,128316.66666666669,126972.64285714286,125052.03571428572,123268.93333333332,0.4027622451453494,1.3847593551214787,4.220972946644208,0.8419098704322339,1.065310515735371,1.255540894847331,0.2976686729070144,0.281707540888565,-0.6486920309243693,0.918302460968623,1.7539525983115478,1.147201744491544,1.1640669310187617,0.1562826601007902,1.3288659829409537,0.3597536783001636,379780.1014864743
4204.10009765625,4255.7001953125,4194.5,4212.89990234375,533.0,89.8364028930664,90.07720184326172,89.6980972290039,89.8364028930664,4.0,5.0,12.0,4.0,339.0,49.0,0.0,0.0,338.0,0.0,127800.0,128382.0,127867.0,126628.5,126042.5,122819.0,128016.33333333331,127339.71428571428,125244.10714285714,123406.96666666666,-0.453334579613962,-0.7000722605107979,2.051816450465349,0.7718170049141051,1.0329448721104926,1.1430485734684783,0.026119419423165,-0.3705189719318991,0.6281900366414961,0.2496314400927124,1.145196024069417,0.7692671731044598,1.1640669310187617,0.2535841419055701,1.3288659829409537,0.3763480431251169,378471.7729751133
4205.5,4215.7998046875,4175.5,4187.2001953125,318.0,89.93800354003906,90.23870086669922,89.84819793701172,89.93800354003906,0.0,8.0,12.0,4.0,342.0,50.0,0.0,0.0,335.0,0.0,128585.0,127800.0,128382.0,128701.0,125957.0,121773.0,128255.66666666669,127702.92857142857,125655.96428571428,123573.45,0.6142410015649524,0.5615209553676781,2.0171767459388645,0.7692998276077209,0.8636465511176552,1.1461168634255363,-0.6100241550233032,0.1130951860278672,-0.2881339732279553,0.0231383531822171,2.028547110027712,0.8691963127888336,1.1640669310187617,0.2500796993942318,1.3288659829409537,0.3740325040147708,376588.4259888679
4190.7001953125,4219.7001953125,4177.7001953125,4206.7001953125,660.0,90.12989807128906,90.1685028076172,89.8053970336914,90.12999725341795,1.0,9.0,12.0,4.0,343.0,50.0,0.0,0.0,334.0,0.0,128474.0,128585.0,127800.0,127867.0,126628.5,123666.0,128286.33333333331,128062.5,126134.60714285714,123790.3,-0.0863242213321902,0.0716611362963748,1.9983010074866805,0.7707565168390657,0.8052278169157608,1.114006123978312,0.4657049840088856,0.213473399254882,-0.1210791018444013,-0.0449198516130566,-0.2749830479595205,0.8562630456194542,0.6523883712984614,0.2492489532865527,1.3288659829409537,0.3706826384973413,379149.8770494684
4209.0,4234.5,4183.60009765625,4196.39990234375,692.0,89.91699981689453,90.0470962524414,89.7531967163086,89.91690063476562,2.0,10.0,12.0,4.0,344.0,50.0,0.0,0.0,333.0,0.0,127691.5,128474.0,128585.0,128382.0,128701.0,122721.0,128250.16666666669,128214.35714285714,126422.14285714286,123988.7,-0.6090726528324764,-0.0848982785602525,0.8394634699139703,0.8283690789017947,0.7706621112215238,1.1214248684881212,-0.2448544581386547,-0.2364325143083823,-0.3916542140206203,0.0896048139806371,-1.0119572646481556,0.6344736097658954,0.6098205774690821,0.2814194360879292,1.3288659829409537,0.3796908310592908,377327.2730427832
4224.0,4286.89990234375,4214.2998046875,4285.5,528.0,89.79299926757812,90.65029907226562,89.79299926757812,89.79299926757812,3.0,11.0,12.0,4.0,345.0,50.0,0.0,0.0,332.0,0.0,127939.0,127691.5,128474.0,127800.0,127867.0,122647.5,128034.83333333331,128105.5,126794.85714285714,124299.88333333332,0.1938265272159789,-0.5023914142396113,-0.5920699916861616,0.5052872150204887,0.7160201258086493,0.99482312628557,2.1232508752677903,-0.1377954158926941,2.347626101029165,-0.1612269193816184,2.362296375025563,0.2011967597377539,0.8700567406649077,0.2767205904041115,1.3288659829409537,0.3837918800217546,384807.89836120605
4276.39990234375,4355.0,4260.0,4300.10009765625,1531.0,90.2509994506836,90.64469909667967,90.17530059814452,90.25299835205078,4.0,12.0,12.0,4.0,346.0,50.0,0.0,0.0,331.0,0.0,128565.5,127939.0,127691.5,128585.0,128382.0,123182.5,128065.33333333331,128205.28571428572,127217.57142857143,124585.73333333334,0.4896864912184773,0.0712206360820033,0.546270734435006,0.4756240486618012,0.7097954745574973,0.9809983090927208,0.3406859796114769,0.5122883612584062,2.22026524371346,0.1364707670931997,2.400407154931661,0.3734548870416576,0.8699281891511907,0.3141536663163242,1.3288659829409537,0.2942746692628051,388096.9270274229
4308.2998046875,4349.2001953125,4292.89990234375,4306.7001953125,854.0,90.5770034790039,90.77239990234376,90.39340209960938,90.5770034790039,0.0,15.0,12.0,4.0,349.0,51.0,0.0,0.0,328.0,0.0,131639.5,128565.5,127939.0,128474.0,127800.0,125230.5,129381.33333333331,128670.64285714286,127821.64285714286,124992.51666666666,2.390999140515926,3.091826785651364,2.537349472667505,1.002811979150236,0.8976850652937136,1.0471642689184752,0.1534870702160518,0.358996524070343,2.628450470298249,0.7341254420229149,2.25320278801906,0.4508145816150222,0.8728726436422817,0.324685010339587,1.3288659829409537,0.2500767068343139,390087.9985738471
4270.5,4321.39990234375,4270.5,4304.5,1796.0,90.7769012451172,91.072998046875,90.75279998779295,90.7769012451172,1.0,16.0,12.0,4.0,350.0,51.0,0.0,0.0,327.0,0.0,133345.5,131639.5,128565.5,127691.5,128585.0,126042.5,131183.5,129462.85714285714,128401.28571428572,125410.95,1.2959635975523964,4.225842002829472,4.339201877934262,0.9832895396883324,0.8652688359599274,1.0518128425714242,-0.0510877287184907,0.2206937284689791,0.4433555011083889,1.0957446410795324,2.1742766213194376,1.0469011689729912,0.8777096748263608,0.2637778497623836,1.3288659829409537,0.2494192069842624,390749.171409607
4308.5,4351.39990234375,4308.5,4347.5,2169.0,90.9489974975586,91.06549835205078,89.82060241699219,90.94889831542967,2.0,17.0,12.0,4.0,351.0,51.0,0.0,0.0,326.0,0.0,131956.5,133345.5,131639.5,127939.0,128474.0,125957.0,132313.83333333334,129944.5,128823.71428571428,125778.0,-1.041654948985904,2.6375660655463484,2.6220010110044045,1.1652269758356897,0.949677833123483,1.081029850909468,0.9989545824137468,0.1894722864003162,1.102297650456685,0.7710546752855763,3.8283291271086872,1.12399067757889,0.8038798159887997,0.2636156399289966,1.3288659829409537,0.2475673612482886,395400.3354263305
4331.0,4348.10009765625,4328.2001953125,4339.5,705.0,90.41629791259766,90.4573974609375,90.0458984375,90.4136962890625,3.0,18.0,12.0,4.0,352.0,51.0,0.0,0.0,325.0,0.0,132515.0,131956.5,133345.5,128565.5,127691.5,126628.5,132605.66666666666,130521.78571428572,129292.14285714286,126205.96666666666,0.4232455392496836,0.6650739329760347,3.1453835017202003,1.1472946509778856,0.9428093519064216,1.0508275708379975,-0.1840138010350767,-0.588464551281298,0.7615994427287998,-0.1802965252424848,3.1568640150652527,0.3147664976033137,0.8501811465863839,0.3835332452798753,0.7703991652644308,0.3132799882896855,392350.2350463867
4350.10009765625,4361.39990234375,4350.10009765625,4361.39990234375,1065.0,90.26129913330078,90.29299926757812,89.21189880371094,90.25579833984376,4.0,19.0,12.0,4.0,353.0,51.0,0.0,0.0,324.0,0.0,132464.0,132515.0,131956.5,131639.5,127939.0,128701.0,132311.83333333334,131203.57142857142,129708.96428571428,126608.6,-0.0384862091084015,-0.6610646778481444,3.737523640962781,1.0777543279912871,0.9474413055445292,1.0520296626303054,0.5046641858220902,-0.1746394138272156,1.321870190353125,-0.5740479110058483,3.931941755785595,0.376901008248387,0.7936904215765628,0.3766102923853259,0.7706009075813036,0.3199546420970064,393641.6300653518
4371.10009765625,4447.60009765625,4371.10009765625,4444.60009765625,449.0,89.56999969482422,89.77189636230469,89.3949966430664,89.56999969482422,0.0,22.0,12.0,4.0,356.0,52.0,0.0,0.0,321.0,0.0,132086.5,132464.0,132515.0,133345.5,128565.5,127867.0,132355.16666666666,131796.07142857142,129950.78571428572,127005.96666666666,-0.2849830897451388,0.0985173144180118,3.241779285440716,1.1171578311982795,0.8798089527915269,1.053900422642489,1.907648855308808,-0.7598388775392317,2.233469756325479,-1.5161245997979522,3.7125212380410666,-0.2483485066462454,0.7238015844131395,0.4867813878311807,0.7749809419203394,0.381829119496467,398102.829390686
4503.2998046875,4503.7998046875,4450.39990234375,4482.7998046875,694.0,89.60399627685547,89.83300018310547,89.43090057373047,89.60389709472656,1.0,23.0,12.0,4.0,357.0,52.0,0.0,0.0,320.0,0.0,133777.0,132086.5,132464.0,131956.5,131639.5,128382.0,132775.83333333334,132540.57142857142,130372.92857142857,127389.73333333334,1.2798431330983906,0.9523450175451752,4.053575803773168,1.1595246233349517,0.8895079117616513,1.0354264079060382,0.8594633081026481,0.0378445908427282,3.302219257690986,-0.8956598696583717,4.248731491874569,-0.7192018760332597,0.7284080997747056,0.4273634944904685,0.7821631401281732,0.3693164177815676,401676.3323954791
4500.7001953125,4503.39990234375,4468.39990234375,4480.60009765625,500.0,89.50789642333984,89.8656997680664,89.4229965209961,89.50789642333984,2.0,24.0,12.0,4.0,358.0,52.0,0.0,0.0,319.0,0.0,136208.0,133777.0,132086.5,132515.0,133345.5,127800.0,134023.83333333334,133193.2142857143,130931.92857142857,127791.73333333334,1.8172032561651008,2.8264283125981398,3.470462892976656,1.0218572708486866,0.975004505603556,1.0479454925259049,-0.0490699368048908,-0.1071389465183925,2.733071903093398,-0.8286469459699575,4.037891992877185,-1.1803294595762237,0.7526505324259455,0.3768394498020667,0.7934664430310551,0.3590110480499358,401049.089455422
4512.0,4556.2998046875,4502.0,4529.10009765625,263.0,90.10590362548828,90.10900115966795,89.54869842529297,90.10590362548828,4.0,26.0,12.0,4.0,360.0,52.0,0.0,0.0,317.0,0.0,136631.0,136208.0,133777.0,132464.0,131956.5,128585.0,135538.66666666666,133662.57142857142,131562.7142857143,128224.85,0.3105544461411869,3.4405484284919297,2.4639001691095785,0.9587324749894106,0.9427330973195772,1.038949893262451,1.0824442919012078,0.6681055259304403,1.9011834168063624,0.5983073936473682,5.217797599169471,-0.7391722017664804,0.7180185694696484,0.4782288143371551,0.8006814595100227,0.3937730666332538,408098.6569096036
4371.5,4379.0,4325.10009765625,4325.10009765625,2044.0,89.81430053710938,90.3550033569336,89.76360321044922,89.82929992675781,0.0,29.0,12.0,4.0,363.0,1.0,0.0,0.0,314.0,0.0,137935.0,136631.0,136208.0,132086.5,132515.0,128474.0,136924.66666666666,134516.64285714287,132230.57142857142,128611.38333333332,0.9543954153888868,3.1081576055674853,4.53065972498512,0.7489390136319264,0.950738858897366,0.986515500510618,-4.504206036549451,-0.3069762219800043,-3.5178842219621087,0.251554719537439,-0.5152363966359985,-1.2310191870481657,2.0859590415741645,0.4638851944610918,1.549845681323078,0.402221361828652,388520.7138856128
4346.39990234375,4403.60009765625,4338.0,4370.10009765625,1837.0,89.90019989013672,89.99009704589844,89.68579864501953,89.9000015258789,1.0,30.0,12.0,4.0,364.0,1.0,0.0,0.0,313.0,0.0,137471.0,137935.0,136631.0,133777.0,132464.0,127691.5,137345.66666666666,135224.64285714287,132873.2142857143,129023.38333333332,-0.3363903287780467,0.927258310818746,3.7399539674753735,0.8352067749688582,0.9649816150303516,0.9648924367192928,1.0404383478751278,0.0787066126294533,-2.4661875104140862,0.4380676099062119,0.7051526133483144,-0.5681603388288159,2.1242972389227,0.4324594482450669,1.5637457365379777,0.3981077522269044,392872.0054475404
4333.5,4363.7998046875,4285.0,4325.60009765625,785.0,89.76969909667969,89.93800354003906,89.64399719238281,89.76940155029297,2.0,31.0,12.0,4.0,365.0,1.0,0.0,1.0,312.0,0.0,134480.5,137471.0,137935.0,136208.0,132086.5,127939.0,136628.83333333334,135512.7142857143,133358.14285714287,129412.1,-2.1753678957743827,-1.573947347234517,1.5223003985988637,1.3243952582946017,1.1709012807190962,0.9929192486107132,-1.0182833117224457,-0.1452724954051798,-4.493166315871633,-0.3734517513901525,-0.8208328859791503,-0.5389091875508623,2.156108309982645,0.4315361621233152,1.5971762519363009,0.3949849340647617,388306.5321124904
4197.7001953125,4215.7998046875,4163.7001953125,4187.2001953125,618.0,89.15789794921875,89.51250076293945,88.99114990234375,89.15679931640625,3.0,1.0,1.0,1.0,1.0,1.0,1.0,0.0,311.0,0.0,133147.0,134480.5,137471.0,136631.0,133777.0,128565.5,135032.83333333334,135664.2142857143,133730.14285714287,129791.23333333334,-0.991593576763916,-3.4712002029941624,0.8028829592729103,1.394683848404309,1.226702643330781,0.998863660195236,0.3406859796114769,0.03046463655379525,0.4034088093635368,0.0785668347411561,2.028547110027712,0.26098709346527027,1.1640669310187617,0.2702492200832476,1.3288659829409537,0.34879579568678176,371948.5411379151
4350.60009765625,4350.60009765625,4314.39990234375,4314.39990234375,589.0,89.96189880371094,90.3147964477539,89.83650207519531,89.96189880371094,4.0,2.0,1.0,1.0,2.0,1.0,0.0,0.0,310.0,0.0,133306.0,133147.0,134480.5,137935.0,136208.0,131639.5,133644.5,135596.92857142858,134068.75,130112.56666666668,0.1194168850969124,-3.02972990667123,-0.352078458927918,1.2999637286189158,1.2261130096281283,0.9708257169093684,0.3406859796114769,0.03046463655379525,-1.274574816773022,0.0688512533720153,-3.7565786936918366,0.399538101122876,1.1640669310187617,0.2702492200832476,1.3288659829409537,0.34879579568678176,388131.6074133888
4386.7001953125,4443.5,4384.7998046875,4436.89990234375,618.0,90.00700378417969,90.30829620361328,90.00700378417969,90.00700378417969,0.0,5.0,1.0,1.0,5.0,2.0,0.0,0.0,307.0,0.0,134598.5,133306.0,133147.0,137471.0,136631.0,133345.5,133683.83333333334,135367.0,134280.10714285713,130508.48333333334,0.9695737626213452,0.0877450634106713,-1.1816486549982352,1.1255779933698309,1.087640132280676,0.9595991627758492,2.8393288237711367,0.0501378706636357,2.573048875872863,0.2646806481756414,-0.9753201437316172,0.5576126585293162,1.1640669310187617,0.2702492200832476,1.3288659829409537,0.34879579568678176,399352.0663002804
4449.7001953125,4482.2001953125,4449.0,4482.2001953125,459.0,90.23290252685548,90.25700378417967,90.05999755859375,90.23300170898438,1.0,6.0,1.0,1.0,6.0,2.0,0.0,0.0,306.0,0.0,135944.5,134598.5,133306.0,134480.5,137935.0,131956.5,134616.33333333334,135268.92857142858,134465.75,130951.71666666666,1.000011144254942,2.101061233073209,-0.5024481998960661,1.201640942200063,1.0666284895793814,0.9648990646134604,1.0209897443217208,0.2510892656160335,0.4034088093635368,0.0785668347411561,-1.0355236433838175,0.1410541134178711,1.1640669310187617,0.2702492200832476,1.3288659829409537,0.34879579568678176,404442.3778836429
4450.0,4450.0,4449.2998046875,4449.2998046875,972.0,90.14739990234376,90.21800231933594,89.74700164794922,90.16609954833984,2.0,7.0,1.0,1.0,7.0,2.0,0.0,0.0,305.0,0.0,136784.5,135944.5,134598.5,133147.0,137471.0,132515.0,135775.83333333334,135104.57142857142,134810.60714285713,131405.11666666667,0.6178992162242603,2.6094099290354444,-0.8340885199550563,1.1600415248818383,1.015819419405758,0.9660401184473528,-0.734023229471259,-0.0741437826265567,3.1267361718246622,0.2269858099309907,2.8716030664481806,0.3749329248437183,1.1640669310187617,0.2702492200832476,1.3288659829409537,0.34879579568678176,401176.00910986215
4460.2001953125,4461.2998046875,4418.0,4449.7001953125,2423.0,89.83799743652344,90.12329864501952,89.72899627685547,89.8644027709961,3.0,8.0,1.0,1.0,8.0,2.0,0.0,0.0,304.0,0.0,136645.0,136784.5,135944.5,133306.0,134480.5,132464.0,136458.0,134986.57142857142,135105.60714285713,131785.6,-0.1019852395556464,1.5204478504589505,-0.6008539982978234,1.1559203970372285,1.0190922644299265,0.9369135579869456,0.0089989580962512,-0.3346011182196129,0.2884963206401858,-0.1584332409570343,1.8214708102210373,-0.0395981693866454,1.1640669310187617,0.2702492200832476,1.3288659829409537,0.34879579568678176,399869.6505617425
4473.0,4490.2998046875,4473.0,4490.2998046875,237.0,89.90540313720703,90.36399841308594,89.81610107421875,89.90540313720703,4.0,9.0,1.0,1.0,9.0,2.0,0.0,0.0,303.0,0.0,135608.0,136645.0,136784.5,134598.5,133147.0,132086.5,136345.83333333334,135147.64285714287,135330.17857142858,132104.45,-0.7589008013465515,-0.2475274836422181,0.8384115169113748,0.7959746432151525,1.0510684064274902,0.9537114060143408,0.9124122433634918,0.0456247022699418,0.1807061046374292,-0.3630584881060494,3.8075574096757103,0.1515010510990899,1.1640669310187617,0.2702492200832476,1.3288659829409537,0.34879579568678176,403702.2141473517
4579.10009765625,4620.0,4577.7998046875,4604.2998046875,156.0,90.23600006103516,90.42919921875,90.12049865722656,90.23600006103516,0.0,12.0,1.0,1.0,12.0,3.0,0.0,0.0,300.0,0.0,137158.5,135608.0,136645.0,135944.5,133306.0,133777.0,136470.5,135720.7142857143,135692.4642857143,132477.83333333334,1.143369122765625,0.2734227927871924,3.012835437523931,0.7015635794344278,1.0723194251709374,0.9654225876282192,2.538805980861092,0.3677164133546018,3.483694217159794,0.0775241615700972,2.028547110027712,0.26098709346527027,1.1640669310187617,0.2702492200832476,1.3288659829409537,0.34879579568678176,415473.5974568054
4578.60009765625,4617.10009765625,4578.60009765625,4589.2001953125,239.0,90.13269805908205,90.44860076904295,90.13269805908205,90.13269805908205,1.0,13.0,1.0,1.0,13.0,3.0,0.0,0.0,299.0,0.0,140227.0,137158.5,135608.0,136784.5,134598.5,136208.0,137664.5,136709.42857142858,136153.17857142858,132931.11666666667,2.2371927368701083,2.621391196165246,5.191814321936006,0.9569392223842892,1.1676271465693138,1.0283670535761589,-0.3279458335799012,-0.1144798105891631,3.135042674267252,0.2985556903656983,6.369374633525915,0.1898573258705571,1.3803981555657214,0.233875714698946,1.3288659829409537,0.34879579568678176,413636.9955367819
4610.2998046875,4635.0,4608.2001953125,4626.2998046875,1313.0,90.27300262451172,90.4468002319336,89.98500061035156,90.27300262451172,2.0,14.0,1.0,1.0,14.0,3.0,0.0,0.0,298.0,0.0,140383.0,140227.0,137158.5,136645.0,135944.5,136631.0,139256.16666666666,137535.7857142857,136451.39285714287,133320.51666666666,0.1112481904340878,3.5211786915226195,4.297596184207109,0.9758681322647254,1.088293321616844,0.999644431530862,0.808411221913885,0.1556644463674095,3.028750994711471,0.408873632148321,4.268744089622145,0.2955312688442069,1.085288910194947,0.2389368056526024,1.3288659829409537,0.34879579568678176,417629.9744103328
4608.0,4608.0,4588.39990234375,4588.39990234375,352.0,90.36160278320312,90.86299896240234,90.27570343017578,90.36160278320312,4.0,16.0,1.0,1.0,16.0,3.0,0.0,0.0,296.0,0.0,142083.5,140383.0,140227.0,135608.0,136784.5,137935.0,140897.83333333334,138412.7857142857,136840.85714285713,133794.4,1.2113290070735028,3.5907362649781005,4.515813438572369,0.9931681746654036,1.1201321185396549,0.9968070733665926,-0.8192271133260487,0.0981469056257511,-0.3453272596967482,0.1391935835841629,2.3693655437861505,0.142521108444904,1.1856679849734235,0.2231452183220908,1.3288659829409537,0.34879579568678176,414615.169386074
4714.39990234375,4724.7998046875,4713.60009765625,4720.39990234375,120.0,94.25299835205078,94.74040222167967,94.25299835205078,94.25299835205078,4.0,8.0,5.0,2.0,128.0,19.0,0.0,0.0,184.0,0.0,141655.0,142083.5,140383.0,137158.5,136645.0,137471.0,141373.83333333334,139108.57142857142,137106.57142857142,134236.83333333334,-0.3015832239492977,1.0183488201273685,3.560710460615057,1.0550194460934357,1.112730169160652,1.003956937337985,2.8768198676966783,4.306470280506147,2.858879574816986,4.57137130219698,6.093095757913103,4.532633466661018,1.4051402478808823,1.628773263724902,1.3288659829409537,0.34879579568678176,444911.8442166261
4729.5,4729.5,4718.7001953125,4718.7001953125,36.0,94.42530059814452,95.31759643554688,94.18180084228516,94.42530059814452,0.0,11.0,5.0,2.0,131.0,20.0,0.0,0.0,181.0,0.0,151109.0,141655.0,142083.5,140227.0,135608.0,134480.5,144949.16666666666,141174.85714285713,138080.7142857143,135013.8,6.673961385055249,7.64052627454892,10.58509275860806,2.509847551214033,2.0431151768197804,1.5213565059645309,-0.0360076914332263,0.1828082385773699,1.9972849691102468,4.599711821821395,6.045351106651542,5.075310897876983,1.409761976205944,1.5880680992739915,1.3288659829409537,0.34879579568678176,445564.68437490606
4762.2001953125,4765.2001953125,4677.60009765625,4677.60009765625,93.0,95.3914031982422,95.85910034179688,95.26609802246094,95.3914031982422,1.0,12.0,5.0,2.0,132.0,20.0,0.0,0.0,180.0,0.0,150319.5,151109.0,141655.0,140383.0,137158.5,133147.0,147694.5,143276.5,139212.07142857142,135738.28333333333,-0.5224705345148184,5.796591440948462,10.84854875818535,2.476158477746967,1.9076451070366676,1.5343402490213485,-0.8710046401565918,1.0231395547356747,1.9440370763441184,5.566302788040023,4.171220210579785,6.101969258357975,1.5507972271298749,1.5616136574167356,1.3288659829409537,0.34879579568678176,446202.8369156644
4722.7001953125,4722.7001953125,4679.5,4697.7001953125,228.0,95.63300323486328,95.8604965209961,93.60430145263672,95.63300323486328,2.0,13.0,5.0,2.0,133.0,20.0,0.0,0.0,179.0,0.0,151793.0,150319.5,151109.0,142083.5,140227.0,133306.0,151073.83333333334,145367.14285714287,140543.92857142858,136515.58333333334,0.9802454106087266,7.156824679679508,10.669772562400423,2.480920363221637,1.8354404647373184,1.5318490347550855,0.4297096211008044,0.2532723374652379,-0.4808852533866758,1.4641495835049811,2.028547110027712,5.980986712817082,1.293974851930578,1.5682107688508682,1.3288659829409537,0.34879579568678176,449255.1779747382
4678.10009765625,4678.10009765625,4650.2998046875,4678.10009765625,5.0,95.69580078125,95.94580078125,95.44049835205078,95.69580078125,3.0,14.0,5.0,2.0,134.0,20.0,0.0,0.0,178.0,0.0,160694.0,151793.0,150319.5,141655.0,140383.0,134598.5,154268.83333333334,148291.0,142500.2142857143,137615.66666666666,5.863906767769267,6.343103322767019,14.595619959066376,2.9906821598552966,2.2331314285541284,1.793736427715103,-0.417227512215601,0.0656651409686404,-0.8604085018281471,1.3455082219038683,1.9371545925269016,6.172124924654243,1.3015493973088388,1.5512548119553375,1.327518708195661,1.151846722033539,447674.5349800586
4615.2001953125,4615.2001953125,4524.2998046875,4555.7998046875,607.0,95.70989990234376,96.11499786376952,95.39700317382812,95.70989990234376,4.0,15.0,5.0,2.0,135.0,20.0,0.0,0.0,177.0,0.0,161254.0,160694.0,151793.0,151109.0,142083.5,135944.5,157913.66666666666,151272.57142857142,144404.17857142858,138726.16666666666,0.3484884314286729,7.274172678860702,14.867184773085064,2.9669293224670734,2.247733770871299,1.792202278872037,-2.614315436089598,0.0147332704033553,-2.6039056444730924,0.333884074898938,-1.5238960503287655,6.022727858567722,1.663313418986238,1.5629311599616236,1.4134068923230174,1.15282663941291,436035.1432817579
4563.0,4570.2998046875,4538.7001953125,4552.5,38.0,95.97129821777344,96.60189819335938,95.66200256347656,95.97029876708984,0.0,18.0,5.0,2.0,138.0,21.0,0.0,0.0,174.0,0.0,158184.5,161254.0,160694.0,150319.5,141655.0,136784.5,160044.16666666666,153572.7142857143,145992.75,139713.46666666667,-1.9035186724050248,4.210668476148438,11.332068818687604,3.32343632348819,2.407934243063797,1.8580602326080784,-0.0724308536144358,0.2720709822199962,-3.090878286728149,0.3526978352841325,-0.782405699324773,6.2069461044678365,1.64132896383862,1.5503336636110212,1.394534861212531,1.1525676594724126,436904.7851371765
4551.7001953125,4552.60009765625,4506.2001953125,4506.2998046875,875.0,96.27020263671876,97.0541000366211,96.1676025390625,96.27020263671876,1.0,19.0,5.0,2.0,139.0,21.0,0.0,0.0,173.0,0.0,157780.0,158184.5,161254.0,151793.0,151109.0,136645.0,159072.83333333334,155876.2857142857,147492.42857142858,140584.81666666668,-0.2557140554226289,-1.8133844449699452,11.38329038862025,3.319124592256757,2.432975363462885,1.838207170210918,-1.014831308347064,0.3124965468292995,-3.672437301092013,0.6002372630558694,-4.5356347361575455,2.140201712345946,0.9975557572834144,0.3356562624983795,1.4097034780335698,1.143710405059155,433822.3953390718
4502.60009765625,4531.2998046875,4465.10009765625,4531.2998046875,981.0,96.56580352783205,97.04219818115234,96.3751983642578,96.56580352783205,2.0,20.0,5.0,2.0,140.0,21.0,0.0,0.0,172.0,0.0,158992.0,157780.0,158184.5,160694.0,150319.5,135608.0,158318.83333333334,157002.42857142858,149088.64285714287,141439.7,0.7681581949549932,-1.402755900628827,5.21676405773317,2.4507916771854945,2.412258802935431,1.834050453803572,0.5547788891896444,0.3070533592089308,-0.5377760448295299,0.8942686455231774,-3.971440923734914,2.2668743611387487,1.0803650709150696,0.3314721617676716,1.4145270332378712,1.121414473737145,437568.6066651568
4507.2001953125,4539.7998046875,4503.7998046875,4539.7998046875,426.0,96.5282974243164,96.85150146484376,93.18800354003906,96.5282974243164,3.0,21.0,5.0,2.0,141.0,21.0,0.0,0.0,171.0,0.0,158258.0,158992.0,157780.0,161254.0,151793.0,137158.5,158343.33333333334,158136.5,150706.5,142316.41666666666,-0.4616584482238117,0.0464647294772913,5.281084623086163,2.445614448037476,2.395758212334161,1.8191019596663596,0.1875841450880599,-0.0388399434845809,-0.2789718904448124,0.5814284881833887,-2.945961392419927,1.191820424018197,1.1053663689690252,0.150026386685052,1.3972058983732474,1.12439047866067,438219.1457937285
4519.5,4530.2998046875,4519.10009765625,4521.0,40.0,96.17389678955078,96.49929809570312,95.44889831542967,96.17389678955078,4.0,22.0,5.0,2.0,142.0,21.0,0.0,0.0,170.0,0.0,158742.5,158258.0,158992.0,158184.5,160694.0,140227.0,158664.16666666666,159129.2857142857,152248.2142857143,143190.66666666666,0.3061456608828727,0.6100266193433956,4.578274360477752,2.4488968372516897,2.405966330866357,1.8196714528141036,-0.41411087484714,-0.3671468825434232,0.326214321053575,-0.100037025507671,-3.761419161844693,0.5655929819114114,1.0412888613934352,0.245296567669,1.2088608211593477,1.1486711483332204,434802.1873855591
4197.7001953125,4215.7998046875,4163.7001953125,4187.2001953125,618.0,95.71949768066406,95.85350036621094,85.86289978027344,95.71949768066406,0.0,25.0,5.0,2.0,145.0,22.0,0.0,0.0,167.0,0.0,158235.5,158742.5,158258.0,157780.0,161254.0,140383.0,158412.0,158778.07142857142,153534.5357142857,144049.71666666667,-0.3193851678031989,-0.4758101036530182,-1.5299264440489346,0.8641160588235899,2.408025192913763,1.823890903941707,0.3406859796114769,-0.4724765493084315,0.4034088093635368,-0.8764032568983504,2.028547110027712,0.0247627369441616,1.1640669310187617,0.3229044962140926,1.3288659829409537,1.1663456918079915,371948.5411379151
4572.7998046875,4572.7998046875,4500.39990234375,4500.39990234375,1261.0,95.25279998779295,95.78600311279295,95.19229888916016,95.25279998779295,1.0,26.0,5.0,2.0,146.0,22.0,0.0,0.0,166.0,0.0,158739.5,158235.5,158742.5,158992.0,158184.5,142083.5,158572.5,158418.85714285713,154845.7142857143,144938.15,0.3185125967308133,0.3042500221157818,-1.5593411636300458,0.8609162341009918,2.40348344961138,1.81699465100932,0.3406859796114769,-0.4875680547636096,-0.867877528499561,-1.3213715258196812,-1.216030219035269,-0.4775889589448967,1.1640669310187617,0.3721711869086531,1.3288659829409537,1.1906810706968407,428675.69176303217
4439.7001953125,4447.5,4439.7001953125,4447.5,81062.0,96.06210327148438,96.17780303955078,95.4915008544922,95.90499877929688,2.0,27.0,5.0,2.0,147.0,22.0,0.0,0.0,165.0,0.0,157666.5,158739.5,158235.5,158258.0,157780.0,141655.0,158213.83333333334,158344.85714285713,155958.7857142857,145734.46666666667,-0.6759502203295353,-0.6778272989275136,-0.3274657125066027,0.517696434797,2.4378189140797217,1.8279317436057223,-1.175448926576517,0.6847030130216591,-1.6257465162574647,-0.2795956275353117,-2.3064250411861664,-0.0680418719456565,1.1640669310187617,0.4577974295689561,1.3288659829409537,1.189914406868112,426537.48207092285
4494.0,4591.7998046875,4487.89990234375,4560.5,1883.0,96.04820251464844,96.19529724121094,94.53050231933594,96.04820251464844,4.0,29.0,5.0,2.0,149.0,22.0,0.0,0.0,163.0,0.0,156556.0,157666.5,158739.5,158742.5,158992.0,151109.0,157654.0,158170.0,157023.14285714287,146412.73333333334,-0.7043347825949065,-1.0613926710504318,-0.7757637216377233,0.5728584837107122,2.4537966140694016,1.8263348453188573,2.540753232152904,0.1493183224798411,0.4034088093635368,0.3434042613564392,1.202764965973202,-0.2306010748809317,1.1640669310187617,0.4426113143014745,1.3288659829409537,0.4156177958299712,438027.8275680542
4523.5,4541.39990234375,4449.7001953125,4475.2001953125,835.0,95.00299835205078,95.25420379638672,94.572998046875,95.00299835205078,0.0,1.0,6.0,2.0,152.0,23.0,1.0,0.0,160.0,0.0,156753.0,156556.0,157666.5,158235.5,158258.0,150319.5,156991.83333333334,157850.14285714287,157426.2857142857,147083.46666666667,0.1258335675413224,-1.2514213538533214,-1.4082469558216792,0.4462416436444837,1.7635163368788398,1.8272399520657745,-1.8704046636881968,-1.0882079364663233,-0.5599437289589781,-0.2622512259736087,-1.238046736986298,-1.6183836499955584,1.1640669310187617,0.5623696223659221,1.3288659829409537,0.5281194672615593,425157.4367803708
4488.0,4529.5,4474.2001953125,4489.10009765625,456.0,95.55139923095705,95.5824966430664,94.93419647216795,95.55139923095705,1.0,2.0,6.0,2.0,153.0,23.0,0.0,0.0,159.0,0.0,155567.5,156753.0,156556.0,158739.5,158742.5,151793.0,156292.16666666666,157465.7857142857,157801.14285714287,147671.21666666667,-0.7562853661492897,-1.3312910478763706,-1.700072034273148,0.4869060387091865,1.7727458817025603,1.8384121729972476,0.3105984478260826,0.5772458642558487,0.935359137858338,-0.3686977246655898,-1.1167828805777047,-1.0120329679753293,1.1640669310187617,0.6403432402332768,1.3288659829409537,0.4753982597984534,428939.7956188806
4471.2001953125,4471.7001953125,4427.2001953125,4436.7001953125,2913.0,95.26300048828124,95.98600006103516,95.26300048828124,95.26300048828124,2.0,3.0,6.0,2.0,154.0,23.0,0.0,0.0,158.0,0.0,156295.0,155567.5,156753.0,157666.5,158235.5,160694.0,156205.16666666666,157116.14285714287,158122.7142857143,148298.68333333332,0.4676426631526453,-0.1667135082654147,-1.541805124651563,0.5199995269569105,1.761977690595251,1.8328925571358687,-1.1672696354244283,-0.3018257660243328,-2.7146103428900337,-0.8175082987601501,-1.864627398529084,-0.9471346505411816,1.1640669310187617,0.6370072603403267,1.3288659829409537,0.4769652306755664,422653.37287241215
4447.39990234375,4509.89990234375,4447.39990234375,4475.7998046875,480.0,96.16449737548828,96.1707992553711,95.59200286865234,96.16449737548828,3.0,4.0,6.0,2.0,155.0,23.0,0.0,0.0,157.0,0.0,155150.0,156295.0,155567.5,156556.0,158739.5,161254.0,155670.83333333334,156675.35714285713,157726.7142857143,148987.66666666666,-0.7325890143638603,-1.022627956083777,-1.9499417008193465,0.5553389012884233,0.6985917715774647,1.779944600090558,0.8812767970283408,0.9463242629208946,0.0133984927786601,1.2225919640276528,2.028547110027712,0.4648997389317788,1.1640669310187617,0.7302923633736211,1.3288659829409537,0.5435046549344198,430413.03857108206
4472.2998046875,4472.2998046875,4319.10009765625,4337.10009765625,4062.0,95.79029846191406,95.8939971923828,94.86979675292967,95.79029846191406,4.0,5.0,6.0,2.0,156.0,23.0,0.0,0.0,156.0,0.0,155833.5,155150.0,156295.0,156753.0,157666.5,158184.5,155759.5,156260.2142857143,157339.5357142857,149743.88333333333,0.4405414115372208,0.170986870651002,-1.8306722649372051,0.5786686485859512,0.7050431787663703,1.757834599149661,-3.0988809393572514,-0.389123765825039,-3.385979298598374,0.2500216981433878,-3.62856208850364,0.5642862720990793,1.886087072886328,0.7186528141049889,1.3288659829409537,0.5553250479814569,415452.1128136888
4324.2001953125,4340.89990234375,4284.60009765625,4335.89990234375,357.0,94.95030212402344,95.90370178222656,94.95030212402344,94.95030212402344,0.0,8.0,6.0,2.0,159.0,24.0,0.0,0.0,153.0,0.0,154214.0,155833.5,155150.0,155567.5,156556.0,157780.0,155065.83333333334,155767.0,157055.92857142858,150440.81666666668,-1.039250225400823,-1.3314565405163292,-2.189748614956255,0.6354701374897206,0.573991377067807,1.779990174676812,-0.027672760265518,-0.8769117033543883,-2.2719653916496,-0.3282474440811533,-2.509277069280491,-0.9954607866378806,1.8685395369883788,0.7425892829605576,1.3288659829409537,0.5965764862956773,411695.0057070628
4332.7998046875,4344.5,4240.2001953125,4260.0,1292.0,95.68830108642578,95.68890380859376,95.17739868164062,95.68830108642578,1.0,9.0,6.0,2.0,160.0,24.0,0.0,0.0,152.0,0.0,151128.5,154214.0,155833.5,156295.0,156753.0,158992.0,153725.33333333334,154991.64285714287,156580.82142857142,150991.81666666668,-2.0007911084596763,-2.59200773445053,-3.4668105981246367,0.9014394970858712,0.7532239166419058,1.8348346453774669,-1.7504994131142817,0.7772476189052746,-4.82148027401702,-0.4951892871681296,-6.589189781822169,-0.3747091760179177,1.4109956252610865,0.8175689495820239,1.3288659829409537,0.6316739177703904,407632.1626281738
4197.7001953125,4215.7998046875,4163.7001953125,4187.2001953125,618.0,94.3397979736328,94.59310150146484,94.11820220947266,94.33989715576172,4.0,19.0,6.0,2.0,170.0,25.0,0.0,0.0,142.0,0.0,152278.5,151128.5,154214.0,155150.0,155567.5,158258.0,152540.33333333334,154352.42857142858,156101.2857142857,151536.28333333333,0.7609418475006402,-2.281280982587186,-2.8544908231421418,1.0012755763235066,0.7524354343070488,1.8326687130051424,0.3406859796114769,-1.409162787252527,0.4034088093635368,-1.514142172475863,2.028547110027712,-0.6979792299100063,1.1640669310187617,0.891138234835023,1.3288659829409537,0.7192932338339887,371948.5411379151
