date,gold_usd_open,gold_usd_high,gold_usd_low,gold_usd_close,gold_usd_volume,usdinr_open,usdinr_high,usdinr_low,usdinr_close
2025-09-02,3485.699951171875,3559.199951171875,3485.699951171875,3549.39990234375,658.0,88.00140380859375,88.18800354003906,87.81549835205078,88.00140380859375
2025-09-03,3554.800048828125,3593.699951171875,3553.199951171875,3593.199951171875,72.0,87.99829864501953,88.17980194091797,87.9749984741211,87.99829864501953
2025-09-04,3549.89990234375,3573.60009765625,3549.89990234375,3565.800048828125,237.0,88.072998046875,88.36029815673828,87.9749984741211,88.072998046875
2025-09-05,3567.800048828125,3613.199951171875,3567.800048828125,3613.199951171875,925.0,88.19290161132812,88.35340118408203,87.80010223388672,88.19290161132812
2025-09-08,3594.5,3641.0,3590.0,3638.10009765625,97.0,88.1863021850586,88.2229995727539,87.82779693603516,88.1863021850586
2025-09-09,3647.10009765625,3670.39990234375,3627.800048828125,3643.300048828125,535.0,87.98049926757812,88.21929931640625,87.90010070800781,87.98049926757812
2025-09-10,3625.0,3655.39990234375,3620.800048828125,3643.60009765625,136.0,88.21829986572266,88.24929809570312,87.97789764404297,88.21829986572266
2025-09-11,3632.89990234375,3636.89990234375,3618.39990234375,3636.89990234375,307.0,88.05339813232422,88.49099731445312,88.02660369873047,88.05339813232422
2025-09-12,3655.5,3656.800048828125,3643.0,3649.39990234375,1300.0,88.2676010131836,88.40850067138672,88.21690368652344,88.2676010131836
2025-09-15,3640.0,3686.39990234375,3635.10009765625,3682.199951171875,210.0,88.27729797363281,88.2970962524414,88.1260986328125,88.27729797363281
2025-09-16,3681.39990234375,3698.60009765625,3681.39990234375,3688.89990234375,373.0,88.12349700927734,88.15509796142578,87.97969818115234,88.12349700927734
2025-09-17,3669.0,3685.199951171875,3661.60009765625,3681.800048828125,183.0,87.88459777832031,87.91310119628906,87.7157974243164,87.88459777832031
2025-09-18,3654.60009765625,3667.39990234375,3637.0,3643.699951171875,80.0,87.91069793701172,88.28880310058594,87.80690002441406,87.91069793701172
2025-09-19,3659.0,3685.89990234375,3658.199951171875,3671.5,211.0,88.20690155029297,88.32949829101562,88.0625991821289,88.20690155029297
2025-09-22,3688.199951171875,3748.199951171875,3688.0,3740.699951171875,410.0,88.09919738769531,88.33670043945312,88.09919738769531,88.09919738769531
2025-09-23,3747.0,3786.0,3740.0,3780.60009765625,627.0,88.30439758300781,88.80809783935547,88.23500061035156,88.30439758300781
2025-09-24,3769.800048828125,3772.5,3732.10009765625,3732.10009765625,588.0,88.80799865722656,88.9312973022461,88.67250061035156,88.80799865722656
2025-09-25,3742.800048828125,3756.0,3724.699951171875,3736.89990234375,1899.0,88.77860260009766,88.80039978027344,88.59010314941406,88.77860260009766
2025-09-26,3775.300048828125,3775.300048828125,3775.300048828125,3775.300048828125,19308.0,88.77310180664062,88.77909851074219,88.61430358886719,88.77310180664062
2025-09-29,3754.800048828125,3827.60009765625,3754.800048828125,3820.89990234375,8860.0,88.67680358886719,88.79399871826172,88.5875015258789,88.67680358886719
2025-09-30,3827.5,3865.5,3793.39990234375,3840.800048828125,1611.0,88.70449829101562,88.87529754638672,88.64579772949219,88.70449829101562
2025-10-01,3863.5,3891.89990234375,3853.300048828125,3867.5,1778.0,88.8406982421875,88.8541030883789,88.6323013305664,88.8406982421875
2025-10-02,3856.199951171875,3888.60009765625,3823.699951171875,3839.699951171875,3418.0,88.68299865722656,88.92150115966797,88.57060241699219,88.68299865722656
2025-10-03,3855.199951171875,3886.800048828125,3853.699951171875,3880.800048828125,392.0,88.72019958496094,88.7957992553711,88.6635971069336,88.72019958496094
2025-10-06,3931.300048828125,3960.0,3926.800048828125,3948.5,1267.0,88.73509979248047,88.87969970703125,88.69200134277344,88.73509979248047
2025-10-07,3959.39990234375,3981.5,3940.0,3976.60009765625,2903.0,88.72109985351562,88.77249908447266,88.68180084228516,88.72109985351562
2025-10-08,3987.199951171875,4049.199951171875,3987.199951171875,4043.300048828125,2179.0,88.74259948730469,88.91950225830078,88.71910095214844,88.74259948730469
2025-10-09,4011.199951171875,4046.199951171875,3940.0,3946.300048828125,3130.0,88.7771987915039,88.86080169677734,88.70439910888672,88.7771987915039
2025-10-10,3957.0,4012.0,3945.5,3975.89990234375,1697.0,88.86540222167969,88.8656005859375,88.4928970336914,88.86540222167969
2025-10-13,4016.0,4111.0,4016.0,4108.60009765625,1697.0,88.7573013305664,88.80269622802734,88.56159973144531,88.7573013305664
2025-10-14,4131.7001953125,4160.10009765625,4085.800048828125,4138.7001953125,2424.0,88.66510009765625,88.81790161132812,88.60079956054688,88.66510009765625
2025-10-15,4145.0,4210.60009765625,4145.0,4176.89990234375,3287.0,88.78250122070312,88.78269958496094,87.95980072021484,88.78250122070312
2025-10-16,4198.7998046875,4307.0,4196.60009765625,4280.2001953125,4705.0,87.80950164794922,88.00150299072266,87.53189849853516,87.80950164794922
2025-10-17,4354.7001953125,4358.0,4182.2001953125,4189.89990234375,4060.0,87.9906997680664,88.09400177001953,87.689697265625,87.9906997680664
2025-10-20,4244.10009765625,4356.60009765625,4214.60009765625,4336.39990234375,1750.0,88.0022964477539,88.01129913330078,87.49960327148438,88.0022964477539
2025-10-21,4332.7001953125,4332.7001953125,4087.699951171875,4087.699951171875,2943.0,87.87999725341797,88.08360290527344,87.84190368652344,87.87999725341797
2025-10-22,4109.7001953125,4148.5,4006.0,4044.39990234375,1237.0,88.00160217285156,87.99810028076172,87.61039733886719,88.00160217285156
2025-10-23,4078.39990234375,4136.7998046875,4070.699951171875,4125.5,354.0,87.74030303955078,88.03109741210938,87.71610260009766,87.74030303955078
2025-10-24,4117.5,4120.60009765625,4074.89990234375,4118.39990234375,123.0,87.77899932861328,87.8582992553711,87.63600158691406,87.77899932861328
2025-10-27,4060.0,4078.60009765625,3971.300048828125,4001.89990234375,220.0,87.8290023803711,88.31719970703125,87.70939636230469,87.8290023803711
2025-10-28,3929.699951171875,3966.199951171875,3923.60009765625,3966.199951171875,219.0,88.22209930419922,88.41649627685547,88.15979766845703,88.22209930419922
2025-10-29,3983.699951171875,3983.699951171875,3983.699951171875,3983.699951171875,1344.0,88.22550201416016,88.45020294189453,88.13819885253906,88.22550201416016
2025-10-30,3960.0,4027.199951171875,3913.699951171875,4001.300048828125,935.0,88.34559631347656,88.7511978149414,88.29679870605469,88.34559631347656
2025-10-31,4034.5,4034.5,3976.60009765625,3982.199951171875,559.0,88.6344985961914,88.9115982055664,88.5636978149414,88.6344985961914
2025-11-03,3976.199951171875,4020.0,3959.0,4000.300048828125,0.0,88.77539825439453,88.91500091552734,88.68930053710938,88.77539825439453
2025-11-04,3994.199951171875,3995.39990234375,3927.39990234375,3947.699951171875,657.0,88.72339630126953,88.77449798583984,88.30650329589844,88.72339630126953
2025-11-05,3929.89990234375,3983.5,3929.89990234375,3980.300048828125,559.0,88.73200225830078,88.78450012207031,88.54920196533203,88.73200225830078
2025-11-06,4004.0,4007.5,3979.89990234375,3979.89990234375,650.0,88.55690002441406,88.68170166015625,88.4114990234375,88.55690002441406
2025-11-07,3980.800048828125,3999.39990234375,3980.800048828125,3999.39990234375,245.0,88.6729965209961,88.72039794921875,88.6001968383789,88.6729965209961
2025-11-10,4060.0,4111.7998046875,4060.0,4111.7998046875,189.0,88.65799713134766,88.74230194091797,88.51419830322266,88.65799713134766
2025-11-11,4140.10009765625,4140.10009765625,4106.7998046875,4106.7998046875,569.0,88.70709991455078,88.71649932861328,88.41960144042969,88.70709991455078
2025-11-12,4115.60009765625,4204.39990234375,4102.89990234375,4204.39990234375,396.0,88.46649932861328,88.65370178222656,88.46649932861328,88.46649932861328
2025-11-13,4228.7001953125,4228.7001953125,4163.7001953125,4186.89990234375,167.0,88.59390258789062,88.79910278320312,88.58209991455078,88.59400177001953
2025-11-14,4197.7001953125,4197.89990234375,4047.0,4087.60009765625,483.0,88.81620025634766,88.81620025634766,88.63249969482422,88.81610107421875
2025-11-17,4070.0,4099.5,4019.39990234375,4068.300048828125,1552.0,88.68199920654297,88.74349975585938,88.56430053710938,88.68199920654297
2025-11-18,4037.39990234375,4063.39990234375,4035.60009765625,4061.300048828125,1375.0,88.63590240478516,88.69400024414062,88.53569793701172,88.63590240478516
2025-11-19,4086.10009765625,4122.7001953125,4072.0,4077.699951171875,486.0,88.55699920654297,88.6082992553711,88.40899658203125,88.55680084228516
2025-11-20,4045.0,4090.39990234375,4040.199951171875,4056.5,202.0,88.48729705810547,88.73829650878906,88.4635009765625,88.48719787597656
2025-11-21,4031.800048828125,4085.199951171875,4031.800048828125,4076.699951171875,171.0,88.69229888916016,89.72579956054688,88.60279846191406,88.69219970703125
2025-11-24,4060.5,4091.89990234375,4060.5,4091.89990234375,591.0,89.63400268554688,89.64129638671875,89.01580047607422,89.63400268554688
2025-11-25,4139.2001953125,4139.2001953125,4139.2001953125,4139.2001953125,132704.0,89.14779663085938,89.26200103759766,88.96649932861328,89.14779663085938
2025-11-26,4128.60009765625,4171.0,4127.5,4165.2001953125,25088.0,89.1532974243164,89.28790283203125,89.1532974243164,89.15059661865234
2025-11-27,,,,,,89.1624984741211,89.40630340576172,89.13800048828125,89.16300201416016
2025-11-28,4163.39990234375,4223.89990234375,4140.0,4218.2998046875,3615.0,89.36489868164062,89.61869812011719,89.05500030517578,89.36479949951172
2025-12-01,4218.5,4262.10009765625,4214.89990234375,4239.2998046875,913.0,89.3572998046875,89.7970962524414,89.31659698486328,89.3499984741211
2025-12-02,4230.5,4230.5,4167.0,4186.60009765625,366.0,89.61270141601562,89.99299621582031,89.5802993774414,89.61270141601562
2025-12-03,4215.7001953125,4234.10009765625,4195.7001953125,4199.2998046875,1897.0,89.91719818115234,90.30400085449219,89.8427963256836,89.91719818115234
2025-12-04,4211.0,4211.7998046875,4175.0,4211.7998046875,616.0,90.17060089111328,90.45210266113281,89.72579956054688,90.17050170898438
2025-12-05,4204.10009765625,4255.7001953125,4194.5,4212.89990234375,533.0,89.8364028930664,90.07720184326172,89.6980972290039,89.8364028930664
2025-12-08,4205.5,4215.7998046875,4175.5,4187.2001953125,318.0,89.93800354003906,90.23870086669922,89.84819793701172,89.93800354003906
2025-12-09,4190.7001953125,4219.7001953125,4177.7001953125,4206.7001953125,660.0,90.12989807128906,90.16850280761719,89.8053970336914,90.12999725341797
2025-12-10,4209.0,4234.5,4183.60009765625,4196.39990234375,692.0,89.91699981689453,90.0470962524414,89.7531967163086,89.91690063476562
2025-12-11,4224.0,4286.89990234375,4214.2998046875,4285.5,528.0,89.79299926757812,90.65029907226562,89.79299926757812,89.79299926757812
2025-12-12,4276.39990234375,4355.0,4260.0,4300.10009765625,1531.0,90.2509994506836,90.64469909667969,90.17530059814453,90.25299835205078
2025-12-15,4308.2998046875,4349.2001953125,4292.89990234375,4306.7001953125,854.0,90.5770034790039,90.77239990234375,90.39340209960938,90.5770034790039
2025-12-16,4270.5,4321.39990234375,4270.5,4304.5,1796.0,90.77690124511719,91.072998046875,90.75279998779297,90.77690124511719
2025-12-17,4308.5,4351.39990234375,4308.5,4347.5,2169.0,90.9489974975586,91.06549835205078,89.82060241699219,90.94889831542969
2025-12-18,4331.0,4348.10009765625,4328.2001953125,4339.5,705.0,90.41629791259766,90.4573974609375,90.0458984375,90.4136962890625
2025-12-19,4350.10009765625,4361.39990234375,4350.10009765625,4361.39990234375,1065.0,90.26129913330078,90.29299926757812,89.21189880371094,90.25579833984375
2025-12-22,4371.10009765625,4447.60009765625,4371.10009765625,4444.60009765625,449.0,89.56999969482422,89.77189636230469,89.3949966430664,89.56999969482422
2025-12-23,4503.2998046875,4503.7998046875,4450.39990234375,4482.7998046875,694.0,89.60399627685547,89.83300018310547,89.43090057373047,89.60389709472656
2025-12-24,4500.7001953125,4503.39990234375,4468.39990234375,4480.60009765625,500.0,89.50789642333984,89.8656997680664,89.4229965209961,89.50789642333984
2025-12-26,4512.0,4556.2998046875,4502.0,4529.10009765625,263.0,90.10590362548828,90.10900115966797,89.54869842529297,90.10590362548828
2025-12-29,4371.5,4379.0,4325.10009765625,4325.10009765625,2044.0,89.81430053710938,90.3550033569336,89.76360321044922,89.82929992675781
2025-12-30,4346.39990234375,4403.60009765625,4338.0,4370.10009765625,1837.0,89.90019989013672,89.99009704589844,89.68579864501953,89.9000015258789
2025-12-31,4333.5,4363.7998046875,4285.0,4325.60009765625,785.0,89.76969909667969,89.93800354003906,89.64399719238281,89.76940155029297
2026-01-02,4350.60009765625,4350.60009765625,4314.39990234375,4314.39990234375,589.0,89.96189880371094,90.3147964477539,89.83650207519531,89.96189880371094
2026-01-05,4386.7001953125,4443.5,4384.7998046875,4436.89990234375,618.0,90.00700378417969,90.30829620361328,90.00700378417969,90.00700378417969
2026-01-06,4449.7001953125,4482.2001953125,4449.0,4482.2001953125,459.0,90.23290252685547,90.25700378417969,90.05999755859375,90.23300170898438
2026-01-07,4450.0,4450.0,4449.2998046875,4449.2998046875,972.0,90.14739990234375,90.21800231933594,89.74700164794922,90.16609954833984
2026-01-08,4460.2001953125,4461.2998046875,4418.0,4449.7001953125,2423.0,89.83799743652344,90.12329864501953,89.72899627685547,89.8644027709961
2026-01-09,4473.0,4490.2998046875,4473.0,4490.2998046875,237.0,89.90540313720703,90.36399841308594,89.81610107421875,89.90540313720703
2026-01-12,4579.10009765625,4620.0,4577.7998046875,4604.2998046875,156.0,90.23600006103516,90.42919921875,90.12049865722656,90.23600006103516
2026-01-13,4578.60009765625,4617.10009765625,4578.60009765625,4589.2001953125,239.0,90.13269805908203,90.44860076904297,90.13269805908203,90.13269805908203
2026-01-14,4610.2998046875,4635.0,4608.2001953125,4626.2998046875,1313.0,90.27300262451172,90.4468002319336,89.98500061035156,90.27300262451172
2026-01-15,4612.89990234375,4616.2998046875,4612.89990234375,4616.2998046875,4358.0,90.18319702148438,90.42379760742188,90.18199920654297,90.18319702148438
2026-01-16,4608.0,4608.0,4588.39990234375,4588.39990234375,352.0,90.36160278320312,90.86299896240234,90.27570343017578,90.36160278320312
2026-01-19,,,,,,90.7020034790039,91.00029754638672,90.5958023071289,90.7020034790039
2026-01-20,4662.2001953125,4764.0,4661.7998046875,4759.60009765625,175.0,90.90450286865234,91.04810333251953,90.86930084228516,90.90450286865234
2026-01-21,4863.5,4872.2998046875,4771.5,4831.7998046875,1706.0,91.11830139160156,91.80999755859375,91.00270080566406,91.11840057373047
2026-01-22,4791.89990234375,4908.7998046875,4791.89990234375,4908.7998046875,1175.0,91.53700256347656,91.66500091552734,91.09310150146484,91.53690338134766
2026-01-23,4949.60009765625,4976.2001953125,4936.0,4976.2001953125,169.0,91.55829620361328,91.97599792480469,91.4229965209961,91.55829620361328
2026-01-26,5081.5,5095.60009765625,5052.2001953125,5079.7001953125,180.0,91.5927963256836,91.78759765625,91.38400268554688,91.5009994506836
2026-01-27,5079.89990234375,5079.89990234375,5079.89990234375,5079.89990234375,34.0,91.71309661865234,91.88800048828125,91.5031967163086,91.71309661865234
2026-01-28,5301.60009765625,5301.60009765625,5301.60009765625,5301.60009765625,112054.0,91.5343017578125,92.32749938964844,91.41809844970703,91.5343017578125
2026-01-29,5415.7001953125,5586.2001953125,5097.5,5318.39990234375,23709.0,92.04080200195312,92.13009643554688,91.80560302734375,92.04080200195312
2026-01-30,5376.39990234375,5440.5,4700.0,4713.89990234375,8374.0,91.78199768066406,92.0177993774414,91.78199768066406,91.78189849853516
2026-02-02,4807.7001953125,4855.7998046875,4400.0,4622.5,3588.0,91.68240356445312,92.01950073242188,90.90809631347656,91.68699645996094
2026-02-03,4680.0,4984.60009765625,4674.2998046875,4903.7001953125,1213.0,90.24559783935547,90.5322036743164,90.02780151367188,90.24559783935547
2026-02-04,4923.2998046875,5082.2001953125,4897.89990234375,4920.39990234375,3886.0,90.42289733886719,90.52799987792969,90.23600006103516,90.42289733886719
2026-02-05,5008.7001953125,5012.2998046875,4786.0,4861.39990234375,793.0,90.125,90.51580047607422,90.0708999633789,90.125
2026-02-06,4762.0,4958.5,4655.0,4951.2001953125,1386.0,90.3147964477539,90.81999969482422,90.17729949951172,90.3147964477539
2026-02-09,5017.39990234375,5065.7001953125,4979.10009765625,5050.89990234375,170.0,90.58899688720703,90.79100036621094,90.3655014038086,90.58799743652344
2026-02-10,5013.5,5029.0,5002.7001953125,5003.7998046875,281.0,90.76020050048828,90.77649688720703,90.46440124511719,90.82279968261719
2026-02-11,5049.89990234375,5111.2998046875,5041.2998046875,5071.60009765625,2681.0,90.58809661865234,90.81169891357422,90.4657974243164,90.58789825439453
2026-02-12,5060.39990234375,5078.10009765625,4892.0,4923.7001953125,484.0,90.73580169677734,90.73609924316406,90.3646011352539,90.73570251464844
2026-02-13,4953.0,5043.89990234375,4946.2001953125,5022.0,232.0,90.56420135498047,90.7500991821289,90.5072021484375,90.56410217285156
2026-02-16,,,,,,90.5552978515625,90.8218994140625,90.52210235595703,90.57119750976562
2026-02-17,5020.0,5020.0,4847.7998046875,4882.89990234375,540.0,90.78289794921875,90.79910278320312,90.62220001220703,90.78299713134766
2026-02-18,4872.2001953125,4987.0,4869.5,4986.5,544.0,90.6261978149414,90.7510986328125,90.58200073242188,90.6261978149414
2026-02-19,5014.7001953125,5014.7001953125,4975.89990234375,4975.89990234375,37.0,90.79340362548828,91.21410369873047,90.73480224609375,90.79350280761719
2026-02-20,5039.5,5072.7001953125,5039.5,5059.2998046875,134.0,91.04109954833984,91.0907974243164,90.72989654541016,91.04109954833984
2026-02-23,5120.2998046875,5211.60009765625,5120.2998046875,5204.7001953125,779.0,90.76480102539062,90.97039794921875,90.67179870605469,90.72660064697266
2026-02-24,5158.7998046875,5159.0,5112.7001953125,5155.7998046875,88.0,91.01509857177734,91.02310180664062,90.82479858398438,91.02010345458984
2026-02-25,5166.0,5206.39990234375,5166.0,5206.39990234375,1772.0,90.91809844970703,90.95999908447266,90.85310363769531,90.91799926757812
2026-02-26,5177.2001953125,5199.2001953125,5143.89990234375,5176.5,1520.0,90.95120239257812,91.06600189208984,90.80899810791016,90.95099639892578
2026-02-27,5186.7001953125,5280.0,5176.7001953125,5230.5,354.0,91.00740051269531,91.1323013305664,90.89430236816406,91.00740051269531
2026-03-02,5346.60009765625,5405.0,5266.2998046875,5294.39990234375,72.0,91.07579803466797,91.77850341796875,91.07579803466797,91.07959747314453
2026-03-03,5298.7001953125,5303.7998046875,5023.0,5107.39990234375,1776.0,91.56300354003906,92.42130279541016,91.56060028076172,91.56340026855469
2026-03-04,5130.7001953125,5180.2001953125,5117.2001953125,5120.2001953125,679.0,92.00859832763672,92.29630279541016,91.8240966796875,92.00859832763672
2026-03-05,5169.5,5169.5,5054.7001953125,5065.2998046875,1701.0,92.12310028076172,92.1708984375,91.32669830322266,92.12300109863281
2026-03-06,5121.0,5146.10009765625,5076.10009765625,5146.10009765625,148.0,91.78690338134766,91.96649932861328,91.55979919433594,91.78690338134766
2026-03-09,5155.0,5160.60009765625,5077.7001953125,5091.5,639.0,91.94029998779297,92.34880065917969,91.94029998779297,91.93620300292969
2026-03-10,5138.2001953125,5229.7001953125,5137.60009765625,5229.7001953125,4300.0,91.220703125,92.46659851074219,90.86039733886719,91.220703125
2026-03-11,5190.7998046875,5191.2998046875,5167.39990234375,5167.39990234375,633.0,92.16510009765625,92.20580291748047,89.06490325927734,92.16510009765625
2026-03-12,5137.2001953125,5137.2001953125,5115.7998046875,5115.7998046875,410.0,92.22879791259766,92.6946029663086,91.9843978881836,92.22879791259766
2026-03-13,5089.60009765625,5117.0,5009.5,5052.5,479.0,92.38980102539062,92.4990005493164,92.25140380859375,92.38990020751953
2026-03-16,5001.60009765625,5010.60009765625,4994.0,4994.0,130.0,92.58470153808594,92.82080078125,92.14459991455078,92.5635986328125
2026-03-17,5017.60009765625,5017.60009765625,4994.2001953125,5001.0,239.0,92.28269958496094,92.47550201416016,92.26679992675781,92.28269958496094
2026-03-18,4949.60009765625,4949.60009765625,4821.7001953125,4889.89990234375,1461.0,92.39129638671875,92.91960144042969,92.3239974975586,92.39129638671875
2026-03-19,4830.2998046875,4830.2998046875,4554.0,4600.7001953125,627.0,93.24659729003906,93.40709686279297,92.80950164794922,93.24659729003906
2026-03-20,4686.89990234375,4686.89990234375,4570.39990234375,4570.39990234375,235.0,93.0822982788086,93.81780242919922,92.7781982421875,93.0822982788086
2026-03-23,4353.0,4480.39990234375,4100.7998046875,4404.10009765625,544.0,94.04840087890625,94.13150024414062,92.85369873046875,93.89530181884766
2026-03-24,4338.7001953125,4399.2998046875,4325.2001953125,4399.2998046875,378.0,93.24369812011719,93.94580078125,93.24369812011719,93.24369812011719
2026-03-25,4549.0,4551.89990234375,4541.7998046875,4549.7998046875,388.0,94.29969787597656,94.29969787597656,93.67649841308594,94.29969787597656
2026-03-26,4441.5,4443.10009765625,4375.5,4375.5,1070.0,94.6937026977539,94.6937026977539,93.80010223388672,94.6937026977539
2026-03-27,4492.0,4492.0,4492.0,4492.0,74348.0,94.30950164794922,94.9446029663086,94.09410095214844,94.30950164794922
2026-03-30,4482.7998046875,4579.10009765625,4413.39990234375,4526.0,10816.0,94.78179931640625,95.14540100097656,92.64700317382812,94.78179931640625
2026-03-31,4510.0,4684.10009765625,4508.60009765625,4647.60009765625,4264.0,94.35590362548828,94.90390014648438,93.48079681396484,94.35590362548828
2026-04-01,4668.39990234375,4789.10009765625,4668.0,4783.2001953125,1637.0,93.48429870605469,93.87799835205078,92.76249694824219,93.48429870605469
2026-04-02,4764.89990234375,4784.39990234375,4558.89990234375,4651.5,0.0,92.6426010131836,93.7323989868164,92.48049926757812,92.6426010131836
2026-04-03,,,,,,92.97370147705078,92.98500061035156,92.51170349121094,92.97360229492188
2026-04-06,4656.10009765625,4689.60009765625,4605.0,4656.7998046875,148.0,92.97100067138672,93.21769714355469,92.49739837646484,92.97100067138672
2026-04-07,4624.89990234375,4676.2998046875,4608.0,4657.10009765625,327.0,92.81659698486328,93.14399719238281,92.7522964477539,92.81659698486328
2026-04-08,4760.0,4851.0,4738.7998046875,4749.5,405.0,92.86019897460938,92.86029815673828,92.22329711914062,92.86019897460938
2026-04-09,4711.0,4799.10009765625,4711.0,4792.2001953125,1277.0,92.2748031616211,92.94450378417969,91.96600341796875,92.2748031616211
2026-04-10,4745.89990234375,4791.0,4744.89990234375,4761.89990234375,812.0,92.46980285644531,93.07350158691406,92.40499877929688,92.46980285644531
2026-04-13,4704.0,4742.39990234375,4704.0,4742.39990234375,32.0,94.51210021972656,94.91320037841797,93.21920013427734,94.50879669189453
2026-04-14,4770.10009765625,4841.60009765625,4770.10009765625,4825.0,288.0,94.94999694824219,95.14800262451172,93.0062026977539,94.9468002319336
2026-04-15,4843.60009765625,4843.60009765625,4798.0,4800.0,182.0,93.16539764404297,93.49500274658203,93.08529663085938,93.16539764404297
2026-04-16,4810.89990234375,4810.89990234375,4785.39990234375,4785.39990234375,805.0,93.38690185546875,93.38729858398438,92.98609924316406,93.38680267333984
2026-04-17,4771.60009765625,4879.7001953125,4767.2001953125,4857.60009765625,1902.0,93.04789733886719,93.04820251464844,92.35169982910156,93.04789733886719
2026-04-20,4793.89990234375,4811.0,4770.0,4806.60009765625,724.0,92.60330200195312,93.23500061035156,92.60330200195312,92.60330200195312
2026-04-21,4698.39990234375,4705.0,4676.39990234375,4698.39990234375,1197.0,93.12359619140625,93.61399841308594,93.0457992553711,93.12359619140625
2026-04-22,4754.2001953125,4754.2001953125,4732.5,4732.5,765.0,93.622802734375,93.86000061035156,93.48799896240234,93.622802734375
2026-04-23,4711.5,4732.39990234375,4705.10009765625,4705.10009765625,292.0,93.80049896240234,94.1500015258789,93.80049896240234,93.80049896240234
2026-04-24,4695.0,4722.2998046875,4657.5,4722.2998046875,45.0,94.11289978027344,94.37580108642578,93.93599700927734,94.11289978027344
2026-04-27,4707.60009765625,4711.10009765625,4675.39990234375,4675.39990234375,538.0,94.25029754638672,94.29509735107422,93.99649810791016,94.25029754638672
2026-04-28,4680.89990234375,4680.89990234375,4591.5,4591.5,2660.0,94.25849914550781,94.72129821777344,94.13590240478516,94.25849914550781
2026-04-29,4598.60009765625,4601.60009765625,4515.7001953125,4545.2001953125,507.0,94.64550018310547,94.86689758300781,94.57050323486328,94.64550018310547
2026-04-30,4561.89990234375,4636.7001953125,4561.89990234375,4614.7001953125,77.0,94.9166030883789,95.39399719238281,94.81490325927734,94.9166030883789
2026-05-01,4636.7001953125,4636.7001953125,4581.7001953125,4629.89990234375,113.0,94.75910186767578,95.30699920654297,94.68920135498047,94.75910186767578
2026-05-04,4581.2001953125,4581.2001953125,4512.7001953125,4519.5,20.0,94.90299987792969,95.38980102539062,94.66570281982422,94.90299987792969
2026-05-05,4547.60009765625,4580.5,4547.60009765625,4555.7998046875,426.0,95.2593002319336,95.3949966430664,94.97740173339844,95.2593994140625
2026-05-06,4663.60009765625,4712.60009765625,4663.60009765625,4681.89990234375,212.0,95.18299865722656,95.18299865722656,94.14810180664062,95.18299865722656
2026-05-07,4704.7998046875,4736.2001953125,4699.7998046875,4699.7998046875,254.0,94.60800170898438,94.89299774169922,93.88870239257812,94.60800170898438
2026-05-08,4714.39990234375,4724.7998046875,4713.60009765625,4720.39990234375,120.0,94.25299835205078,94.74040222167969,94.25299835205078,94.25299835205078
2026-05-11,4729.5,4729.5,4718.7001953125,4718.7001953125,36.0,94.42530059814453,95.31759643554688,94.18180084228516,94.42530059814453
2026-05-12,4762.2001953125,4765.2001953125,4677.60009765625,4677.60009765625,93.0,95.39140319824219,95.85910034179688,95.26609802246094,95.39140319824219
2026-05-13,4722.7001953125,4722.7001953125,4679.5,4697.7001953125,228.0,95.63300323486328,95.8604965209961,93.60430145263672,95.63300323486328
2026-05-14,4678.10009765625,4678.10009765625,4650.2998046875,4678.10009765625,5.0,95.69580078125,95.94580078125,95.44049835205078,95.69580078125
2026-05-15,4615.2001953125,4615.2001953125,4524.2998046875,4555.7998046875,607.0,95.70989990234375,96.11499786376953,95.39700317382812,95.70989990234375
2026-05-18,4563.0,4570.2998046875,4538.7001953125,4552.5,38.0,95.97129821777344,96.60189819335938,95.66200256347656,95.97029876708984
2026-05-19,4551.7001953125,4552.60009765625,4506.2001953125,4506.2998046875,875.0,96.27020263671875,97.0541000366211,96.1676025390625,96.27020263671875
2026-05-20,4502.60009765625,4531.2998046875,4465.10009765625,4531.2998046875,981.0,96.56580352783203,97.04219818115234,96.37519836425781,96.56580352783203
2026-05-21,4507.2001953125,4539.7998046875,4503.7998046875,4539.7998046875,426.0,96.5282974243164,96.85150146484375,93.18800354003906,96.5282974243164
2026-05-22,4519.5,4530.2998046875,4519.10009765625,4521.0,40.0,96.17389678955078,96.49929809570312,95.44889831542969,96.17389678955078
2026-05-25,,,,,,95.71949768066406,95.85350036621094,85.86289978027344,95.71949768066406
2026-05-26,4572.7998046875,4572.7998046875,4500.39990234375,4500.39990234375,1261.0,95.25279998779297,95.78600311279297,95.19229888916016,95.25279998779297
2026-05-27,4439.7001953125,4447.5,4439.7001953125,4447.5,81062.0,96.06210327148438,96.17780303955078,95.49150085449219,95.90499877929688
2026-05-28,4453.60009765625,4512.60009765625,4363.5,4499.2998046875,16427.0,96.04889678955078,96.66580200195312,95.63899993896484,96.04889678955078
2026-05-29,4494.0,4591.7998046875,4487.89990234375,4560.5,1883.0,96.04820251464844,96.19529724121094,94.53050231933594,96.04820251464844
2026-06-01,4523.5,4541.39990234375,4449.7001953125,4475.2001953125,835.0,95.00299835205078,95.25420379638672,94.572998046875,95.00299835205078
2026-06-02,4488.0,4529.5,4474.2001953125,4489.10009765625,456.0,95.55139923095703,95.5824966430664,94.93419647216797,95.55139923095703
2026-06-03,4471.2001953125,4471.7001953125,4427.2001953125,4436.7001953125,2913.0,95.26300048828125,95.98600006103516,95.26300048828125,95.26300048828125
2026-06-04,4447.39990234375,4509.89990234375,4447.39990234375,4475.7998046875,480.0,96.16449737548828,96.1707992553711,95.59200286865234,96.16449737548828
2026-06-05,4472.2998046875,4472.2998046875,4319.10009765625,4337.10009765625,4062.0,95.79029846191406,95.89399719238281,94.86979675292969,95.79029846191406
2026-06-08,4324.2001953125,4340.89990234375,4284.60009765625,4335.89990234375,357.0,94.95030212402344,95.90370178222656,94.95030212402344,94.95030212402344
2026-06-09,4332.7998046875,4344.5,4240.2001953125,4260.0,1292.0,95.68830108642578,95.68890380859375,95.17739868164062,95.68830108642578
2026-06-10,4200.0,4206.7001953125,4100.0,4108.2001953125,525.0,95.36029815673828,95.56749725341797,95.07170104980469,95.36029815673828
2026-06-11,4042.89990234375,4209.7998046875,4031.0,4090.300048828125,1938.0,95.64450073242188,95.87239837646484,95.29560089111328,95.64450073242188
2026-06-12,4208.2998046875,4225.2998046875,4173.2001953125,4215.0,1167.0,95.76010131835938,95.76010131835938,94.78720092773438,95.76010131835938
2026-06-15,4271.2001953125,4362.0,4269.10009765625,4328.0,1666.0,95.11029815673828,95.11039733886719,94.4126968383789,95.11029815673828
2026-06-16,4309.5,4345.7998046875,4309.5,4330.89990234375,158.0,94.74169921875,94.74189758300781,94.38200378417969,94.74169921875
2026-06-17,4339.0,4377.0,4296.0,4358.89990234375,1961.0,94.88860321044922,94.88860321044922,94.20670318603516,94.88860321044922
2026-06-18,4279.7998046875,4323.2001953125,4223.7001953125,4224.10009765625,738.0,94.85890197753906,94.9302978515625,94.18009948730469,94.85890197753906
2026-06-19,,,,,,94.33979797363281,94.59310150146484,94.11820220947266,94.33989715576172
2026-06-22,4138.7998046875,4216.39990234375,4134.7998046875,4181.89990234375,1197.0,94.3302993774414,94.777099609375,94.17649841308594,94.3302993774414
2026-06-23,4127.10009765625,4135.2001953125,4118.5,4129.89990234375,252.0,94.70059967041016,94.8853988647461,94.3927001953125,94.70059967041016
2026-06-24,4104.39990234375,4104.7001953125,3963.300048828125,3990.300048828125,353.0,95.18370056152344,95.18379974365234,94.22750091552734,95.18370056152344
2026-06-25,3988.39990234375,4030.5,3986.699951171875,4030.5,2724.0,94.4406967163086,94.5291976928711,93.91510009765625,94.4406967163086
2026-06-26,4078.699951171875,4078.699951171875,4078.699951171875,4078.699951171875,1431.0,94.40039825439453,94.7738037109375,94.22480010986328,94.40039825439453
2026-06-29,4057.5,4070.0,4003.199951171875,4022.300048828125,785.0,94.36029815673828,94.69999694824219,94.2322006225586,94.36029815673828
2026-06-30,4002.60009765625,4049.699951171875,3962.5,4022.89990234375,1108.0,94.79049682617188,94.89790344238281,94.46530151367188,94.79049682617188
2026-07-01,4013.10009765625,4100.0,3963.0,4068.300048828125,770.0,94.91799926757812,95.26390075683594,94.53119659423828,94.91799926757812
2026-07-02,4067.5,4140.10009765625,4062.0,4112.7001953125,228.0,95.4175033569336,95.47339630126953,94.88480377197266,95.4175033569336
2026-07-03,,,,,,95.527099609375,95.60970306396484,95.05760192871094,95.527099609375
2026-07-06,4175.39990234375,4199.7001953125,4134.2001953125,4155.10009765625,1024.0,95.21479797363281,95.67440032958984,95.12689971923828,95.21479797363281
2026-07-07,4126.5,4167.2001953125,4107.2001953125,4145.2998046875,53.0,95.60350036621094,95.67919921875,94.79869842529297,95.60350036621094
2026-07-08,4116.2998046875,4120.2998046875,4053.0,4070.89990234375,292.0,95.59339904785156,95.80339813232422,94.99169921875,95.59339904785156
2026-07-09,4066.39990234375,4130.60009765625,4064.199951171875,4130.60009765625,13.0,95.86180114746094,95.86180114746094,95.29840087890625,95.86180114746094
2026-07-10,4122.2998046875,4125.7998046875,4090.60009765625,4104.10009765625,389.0,95.39019775390625,95.68550109863281,95.14550018310547,95.39019775390625
2026-07-13,4081.0,4081.0,3985.89990234375,3997.0,679.0,95.32499694824219,96.10469818115234,94.99040222167969,95.32499694824219
2026-07-14,3995.699951171875,4091.199951171875,3986.5,4061.10009765625,1281.0,96.29879760742188,96.42289733886719,95.74700164794922,96.29889678955078
2026-07-15,4049.10009765625,4070.10009765625,4019.39990234375,4044.0,374.0,96.42530059814453,96.54090118408203,96.04239654541016,96.42530059814453
2026-07-16,4030.5,4030.5,3972.60009765625,3985.60009765625,812.0,96.49859619140625,96.69999694824219,96.10230255126953,96.49859619140625
2026-07-17,3975.5,4017.199951171875,3964.199951171875,4012.699951171875,141.0,96.6521987915039,96.65550231933594,96.20159912109375,96.6521987915039
2026-07-20,4003.39990234375,4018.89990234375,4002.699951171875,4010.300048828125,231.0,96.28479766845703,96.75450134277344,96.21659851074219,96.28479766845703
2026-07-21,4002.10009765625,4071.10009765625,3999.699951171875,4071.10009765625,87.0,96.4896011352539,96.56279754638672,96.0947036743164,96.4896011352539
2026-07-22,4096.2001953125,4152.10009765625,4096.2001953125,4146.89990234375,133.0,96.34089660644531,96.81189727783203,96.24030303955078,96.34089660644531
2026-07-23,4129.89990234375,4130.89990234375,4046.60009765625,4046.60009765625,59.0,96.55709838867188,96.86910247802734,96.45980072021484,96.55709838867188
2026-07-24,4067.60009765625,4068.0,4067.60009765625,4067.60009765625,2.0,96.87689971923828,96.90190124511719,96.21179962158203,96.87689971923828
2026-07-27,4090.10009765625,4107.89990234375,4072.699951171875,4074.5,36.0,96.56729888916016,96.56759643554688,95.75779724121094,96.56729888916016
2026-07-28,4025.699951171875,4036.300048828125,4025.699951171875,4036.300048828125,248.0,95.77410125732422,96.13390350341797,95.50579833984375,95.77410125732422
2026-07-29,4018.10009765625,4034.699951171875,4017.89990234375,4034.699951171875,89664.0,95.59850311279297,95.8572998046875,95.44080352783203,95.59870147705078
2026-07-30,4060.699951171875,4118.5,4028.5,4100.10009765625,16985.0,95.72859954833984,95.77850341796875,95.34600067138672,95.72859954833984
2026-07-31,4102.39990234375,4102.39990234375,4022.39990234375,4049.10009765625,1166.0,95.68479919433594,95.685302734375,95.07749938964844,95.68479919433594
2026-08-03,4083.39990234375,4083.5,4026.5,4033.699951171875,698.0,95.4021987915039,95.40339660644531,95.04199981689453,95.4021987915039
2026-08-04,4050.5,4095.39990234375,4048.800048828125,4095.39990234375,426.0,95.33159637451172,95.42620086669922,94.98320007324219,95.33159637451172
2026-08-05,4130.0,4262.2001953125,4129.5,4245.7998046875,1349.0,95.09719848632812,95.3823013305664,94.8030014038086,95.09719848632812
2026-08-06,4297.0,4297.0,4228.0,4242.0,3101.0,95.07730102539062,95.32630157470703,94.99479675292969,95.07730102539062
2026-08-07,4277.0,4371.5,4274.0,4340.7001953125,422.0,95.31189727783203,95.40350341796875,95.00340270996094,95.31189727783203
2026-08-10,4336.10009765625,4390.10009765625,4336.10009765625,4361.7998046875,1303.0,95.21029663085938,95.4041976928711,95.01609802246094,95.21029663085938
2026-08-11,4408.60009765625,4408.60009765625,4365.10009765625,4383.0,204.0,95.39669799804688,95.44249725341797,95.28630065917969,95.39669799804688
2026-08-12,4406.5,4434.0,4406.2998046875,4408.89990234375,660.0,95.37989807128906,95.46890258789062,95.22270202636719,95.37989807128906
2026-08-13,4403.5,4445.0,4350.0,4363.60009765625,1491.0,95.34449768066406,95.47029876708984,95.29570007324219,95.34429931640625
2026-08-14,4322.10009765625,4397.10009765625,4315.0,4380.39990234375,673.0,95.40119934082031,95.64739990234375,95.32589721679688,95.40119934082031
2026-08-17,4394.7998046875,4428.5,4386.5,4417.7998046875,716.0,95.45030212402344,95.69000244140625,95.06439971923828,95.45030212402344
2026-08-18,4415.2001953125,4434.10009765625,4330.7001953125,4366.0,1283.0,95.69409942626953,95.83390045166016,95.60289764404297,95.69409942626953
2026-08-19,4339.7998046875,4524.10009765625,4327.60009765625,4489.39990234375,1336.0,95.81639862060547,95.81639862060547,95.39910125732422,95.81639862060547
2026-08-20,4506.7998046875,4530.0,4486.0,4516.2998046875,478.0,95.49600219726562,95.78359985351562,95.48639678955078,95.49600219726562
2026-08-21,4560.0,4624.10009765625,4560.0,4624.10009765625,311.0,95.77220153808594,95.77359771728516,95.60669708251953,95.77220153808594
2026-08-24,4638.0,4670.89990234375,4635.10009765625,4640.7998046875,1202.0,95.70030212402344,95.78949737548828,95.06400299072266,95.70030212402344
2026-08-25,4630.5,4638.10009765625,4626.2001953125,4638.10009765625,321.0,95.72309875488281,95.78350067138672,95.20459747314453,95.72309875488281
2026-08-26,4615.2998046875,4615.2998046875,4598.2001953125,4598.2001953125,1051.0,93.54609680175781,95.4124984741211,93.54609680175781,93.54609680175781
2026-08-27,4609.7001953125,4609.7001953125,4609.7001953125,4609.7001953125,5558.0,95.4302978515625,95.57230377197266,95.18949890136719,95.4302978515625
2026-08-28,4599.2998046875,4625.5,4451.7998046875,4478.10009765625,1758.0,95.47039794921875,95.61530303955078,95.31919860839844,95.47039794921875
2026-08-31,4430.0,4466.89990234375,4410.89990234375,4431.10009765625,360.0,95.38030242919922,95.8678970336914,95.0718994140625,95.38030242919922
2026-09-01,4402.0,4402.0,4329.10009765625,4348.0,360.0,95.1144027709961,95.2197036743164,94.72869873046875,95.1144027709961
2026-09-02,4377.2001953125,4444.39990234375,4329.2001953125,4423.2001953125,174572.0,94.94000244140625,94.97750091552734,94.81999969482422,94.95999908447266
